airport_code_from,airport_code_to,nb_flights_shop
EWR,LAX,354583
JFK,LAX,294033
LAX,EWR,276673
LAX,JFK,246657
PVG,NRT,225283
PVG,HND,219716
ORD,LAX,199742
LGA,ORD,173605
ORD,LGA,172846
LAX,ORD,164244
EWR,LAS,155674
EWR,ORD,152453
ORD,EWR,148727
ORD,LAS,144692
JFK,HKG,137809
JFK,LAS,127414
EWR,HKG,120264
LGA,LAX,117009
EWR,ATL,114067
ORD,PVG,113031
ORD,PEK,109502
PVG,JFK,105675
ATL,EWR,101709
PEK,EWR,101483
MIA,EWR,100751
EWR,MXP,100208
LAX,LGA,99499
PVG,EWR,96714
ORD,SFO,96553
ORD,JFK,95731
LGA,ATL,95577
ORD,PHX,94264
ORD,GDL,90606
EWR,SDQ,90538
ATL,LGA,90441
PEK,JFK,90159
BOS,ORD,89766
JFK,ORD,88439
ORD,DEN,87979
ATL,ORD,87352
SFO,ORD,87336
LAX,SJC,85767
DFW,ORD,85751
ORD,MCO,85751
HKG,SFO,84327
EWR,MEX,84127
ORD,ATL,84123
MIA,LGA,83742
EWR,DFW,82227
EWR,TPA,82020
ORD,BOS,81560
JFK,LIM,80417
DFW,EWR,79911
ORD,DFW,79723
DFW,LGA,79263
HKG,JFK,79057
ORD,MIA,76747
HKG,EWR,76091
SJC,LAX,75076
MIA,JFK,73998
ORD,FLL,71867
DEN,ORD,69874
DFW,DEN,69070
SFO,TPE,68823
EWR,LIS,67347
IAD,SAL,66756
JFK,KIN,66656
BWI,ORD,66491
JFK,SDQ,66083
EWR,SJU,65904
ORD,BWI,65145
BOS,PEK,64231
EWR,YUL,62296
LAS,ORD,60572
PVG,ORD,60258
DFW,JFK,59370
EWR,CLT,59326
JFK,LIS,58567
DEN,DFW,58432
ORD,HKG,57780
IAH,LAX,57646
PEK,LGA,57366
PEK,SFO,57175
EWR,LIM,56584
EWR,PHX,56070
DFW,MEX,56006
JFK,MBJ,55824
EWR,SAN,55634
LGA,YUL,55204
PVG,LGA,55075
ORD,CUN,54603
LGA,LAS,53025
ORD,SEA,52634
EWR,IAH,52351
FLL,ORD,51835
IAH,EWR,51119
ORD,DCA,50918
HNL,LAX,50343
JFK,FOC,50227
MSP,ORD,49723
IAH,SAL,49497
PEK,ORD,49371
SDQ,EWR,49168
ATL,DFW,49155
LAX,IAH,49089
SEA,ORD,48724
JFK,DCA,48455
PHL,SJU,48163
BWI,MIA,47923
BWI,ATL,47464
SAN,EWR,46565
ICN,JFK,46347
BWI,DFW,46066
EWR,DCA,45927
DFW,ATL,45787
MCO,ORD,45754
ORD,MNL,45678
ORD,TPA,45493
LGA,IAD,45361
DFW,BWI,45006
PEK,IAD,44990
JFK,BWI,44970
DCA,JFK,44910
ORD,SAN,44430
DCA,EWR,44234
JFK,PHX,43909
IAD,LGA,43469
IAH,LAS,42954
KIN,JFK,42817
JFK,ATL,42741
JFK,SAN,42555
ORD,MSY,42552
RDU,EWR,42294
PEK,BOS,42243
SDQ,JFK,42208
ATL,JFK,41841
BWI,JFK,41678
JFK,YVR,41263
DCA,MIA,41241
ORD,IAD,40959
EWR,RDU,40516
YYZ,DEL,40136
EWR,AUS,40015
SAN,JFK,39871
HKG,LGA,39832
LGA,DCA,39723
DCA,ATL,39285
BOS,DFW,39237
PVG,YYZ,38921
MIA,ORD,38752
IAD,ORD,38737
LGA,HKG,38609
IAH,ORD,38323
DFW,BOM,38288
IAD,ATL,37943
JFK,SAL,37738
DFW,MCO,37605
EWR,MBJ,37515
ORD,IAH,37377
JFK,CLT,37268
LGA,CLT,37016
PHL,ORD,36932
PHL,DFW,36919
SHA,NRT,36869
DCA,LGA,36763
MEX,EWR,36727
JFK,UIO,36510
DFW,BOS,36018
ORD,SJU,35994
DFW,MIA,35980
ORD,BKK,35843
IAD,DFW,35838
SAN,ORD,35737
YUL,EWR,35246
EWR,BNA,35080
JFK,LIN,35029
ORD,RSW,34732
JFK,MDE,34726
MIA,SJU,34521
IAH,LGA,34077
DFW,FLL,33950
ORD,PHL,33909
DFW,IAD,33584
YUL,LGA,33545
IAD,MIA,32903
EWR,YVR,32841
JFK,JNB,32492
PHX,LAS,32100
MEX,ORD,31263
MIA,YYZ,31198
MSP,EWR,30994
SEA,BOS,30958
DTW,DFW,30722
MSY,EWR,30699
JFK,YUL,30148
IAH,DEN,30140
EWR,SAL,30039
SJC,JFK,29993
PEK,YVR,29818
IAH,MEX,29754
ORD,AUS,29669
LGA,IAH,29546
SJC,EWR,29503
EWR,BWI,29458
RDU,JFK,29402
SIN,NRT,29272
JFK,SJU,29120
BOG,JFK,28982
JFK,AUS,28938
EWR,PUJ,28809
TPA,ORD,28778
PEK,DCA,28760
HOU,LAX,28685
BWI,EWR,28614
DFW,DTW,28555
EWR,MSP,28419
IAD,LIM,28346
SEA,NRT,28344
LAX,HOU,28275
MCO,DFW,27996
EWR,SNA,27910
DFW,PHL,27757
PEK,BWI,27726
EWR,BUF,27711
YYZ,ORD,27665
ORD,CLT,27440
DTW,ORD,27433
ORD,SHA,27363
FLL,DFW,27313
DEN,ONT,27312
YYZ,LAS,27237
SNA,EWR,27146
ORD,DTW,27141
IAH,MIA,27084
MSP,DFW,27009
DFW,YYZ,26927
EWR,PDX,26767
RDU,LGA,26709
SIN,HND,26619
DTW,MIA,26578
MDW,GDL,26261
SJU,MIA,26150
LGA,LIM,26124
HOU,LAS,26104
ORD,ICN,26073
IAH,BWI,25912
PVG,YVR,25351
EWR,SJC,25290
JFK,PDX,25274
EWR,GUA,25234
IAD,MEX,25009
MSP,LGA,24934
BUF,EWR,24747
LGA,TPA,24636
IAH,ATL,24635
MSP,JFK,24578
ICN,EWR,24525
JFK,RDU,24518
CVG,EWR,24464
IAH,FLL,24452
BWI,IAH,24425
ORD,SWF,24420
CLT,ORD,24335
MIA,BWI,24207
JFK,SJC,24199
EWR,UIO,24124
DFW,SAL,24047
SJU,PHL,23961
PIT,EWR,23899
LGA,MBJ,23891
BNA,EWR,23867
RDU,LAX,23819
JFK,GUA,23807
JFK,GIG,23792
JFK,TPA,23643
ATL,IAH,23623
ORD,SNA,23618
IND,EWR,23516
MIA,DCA,23515
JFK,DPS,23501
LGA,SJU,23454
SAL,IAD,23440
AUS,ORD,23354
SNA,ORD,23244
KIN,MIA,23131
MCO,MIA,23131
ORD,PDX,22984
PDX,ORD,22961
LGA,SDQ,22888
LGA,RDU,22789
ORD,BNA,22581
DFW,MSY,22523
LAS,PHX,22387
EWR,JAX,22339
IAD,ICN,22293
CLT,MIA,22287
JFK,PUJ,22273
MSY,ORD,22085
EWR,CHS,21923
JFK,CTG,21807
SLC,SFO,21756
ORD,HND,21714
LGA,BNA,21709
SJC,PEK,21642
MIA,DFW,21599
LAX,RDU,21469
IAH,MCO,21427
BOG,EWR,21393
SWF,ORD,21255
HKG,ORD,21251
OAK,GDL,21103
MIA,MCO,20953
DTW,DCA,20931
JFK,MSP,20894
CMH,EWR,20892
ORD,SJC,20809
SJC,ORD,20713
DEN,IAH,20685
LGA,YVR,20615
EWR,CVG,20497
MNL,JFK,20384
SFO,SLC,20258
DFW,MSP,20253
EWR,LIN,20086
ORD,KEF,19962
DCA,SAL,19943
IND,LAX,19917
MIA,KIN,19906
ONT,DEN,19875
FLL,IAH,19871
EWR,MDE,19855
MSY,DFW,19833
YUL,JFK,19762
ORD,BJX,19753
LGA,MSP,19751
LGA,KIN,19750
SHA,YYZ,19628
CLE,EWR,19608
SNA,DFW,19539
BWI,MSY,19505
BWI,LGA,19359
DTW,MEX,19250
EWR,IND,19250
GDL,ORD,19175
EWR,CLE,18995
CLT,DFW,18971
LGA,SAN,18958
IAH,CUN,18929
PIT,LGA,18911
EWR,PIT,18904
IAD,DTW,18903
DXB,JFK,18893
LGA,CLE,18852
EWR,CMH,18810
LGA,BWI,18792
DFW,TPA,18787
MIA,IAH,18654
DCA,DTW,18611
IAH,DCA,18444
LGA,PHX,18412
RDU,ORD,18409
ORD,HOU,18383
IAD,MSY,18295
PHX,BOS,18277
ORD,SAT,18248
ICN,LGA,18242
SHA,ORD,18219
YVR,ICN,18158
TPA,DFW,18134
HOU,JFK,18043
IAH,DEL,18040
SWF,LAX,17897
ORD,HNL,17895
CLE,LGA,17889
ORD,SLC,17879
IAH,SFO,17875
DFW,CLT,17798
IAH,SEA,17791
BWI,DTW,17760
DFW,SNA,17741
SAN,LGA,17724
DCA,MSY,17719
DTW,BWI,17715
DFW,SJC,17714
LAX,SWF,17589
JFK,BNA,17544
DTW,IAD,17488
SLC,ORD,17470
RDU,DFW,17463
ONT,GDL,17371
LAX,YYC,17335
DFW,GDL,17146
SLC,DFW,17125
EWR,SAV,17087
IAD,JFK,17051
CVG,LGA,17046
SFO,IAH,16985
MIA,IAD,16982
PHX,HNL,16780
DFW,BNA,16774
IAD,IAH,16729
LAX,IND,16728
RSW,ORD,16703
RDU,MIA,16676
MEX,DFW,16494
ORD,PBI,16373
ORD,RDU,16329
ORD,BCN,16294
HOU,ORD,16289
SAL,IAH,16246
PHL,PBI,16228
CLE,ORD,16225
PVG,YTZ,16201
CLE,DFW,16187
CVG,DFW,16159
DCA,LIM,16121
MSY,JFK,16108
HOU,MEX,16007
DFW,SJU,15983
LGA,CVG,15968
LAS,IAH,15896
LGA,DAL,15773
JFK,IAD,15757
DAL,LGA,15743
EWR,CTG,15724
DCA,IAH,15680
DTW,PHL,15667
MCI,EWR,15666
STL,EWR,15645
DFW,MAD,15621
CVG,ORD,15616
EWR,MYR,15521
IND,LGA,15508
EWR,FOC,15491
SJC,PHX,15481
CMH,LGA,15427
BWI,MEX,15418
PHX,SJC,15407
HOU,DEN,15393
ORD,SGN,15283
ORD,CLE,15283
DFW,OAK,15270
JFK,HOU,15237
EWR,STL,15237
SEA,MEX,15236
SEA,IAH,15210
IAH,IAD,15204
YTZ,MDW,15203
PIT,ORD,15175
SJC,LGA,15119
EWR,HOU,15106
BNA,LGA,15081
YVR,JFK,15064
MIA,CLT,15048
SJU,ORD,15042
ORD,YVR,15027
MCI,ORD,14991
CMH,ORD,14974
HOU,LGA,14966
SAL,JFK,14965
ORD,JAX,14961
JFK,IAH,14950
MIA,MBJ,14927
LGA,CMH,14874
BWI,MBJ,14852
BNA,ORD,14823
DFW,CLE,14799
ORD,ATH,14791
MCO,IAH,14749
IAH,JFK,14745
YVR,EWR,14706
JFK,PEI,14689
OAK,DFW,14673
DFW,SLC,14620
SAT,ORD,14576
IAD,YUL,14546
LGA,AUS,14524
OAK,JFK,14511
ORD,CVG,14506
BNA,DFW,14505
EWR,KIN,14428
HOU,MIA,14360
HOU,EWR,14157
ORD,CMH,14129
SFO,TLV,14127
STL,ORD,14126
EWR,MCI,14123
ATL,HOU,14094
EWR,SAT,14053
OAK,ORD,14030
DTW,CLT,14022
DFW,CVG,13993
IND,DFW,13972
SEA,HND,13955
SLC,SAN,13925
DFW,FRA,13916
OKC,LAX,13907
LGA,PIT,13864
YYZ,ICN,13799
CHS,EWR,13793
PHX,MIA,13782
MBJ,MIA,13765
ORD,GUA,13733
SWF,MIA,13577
PIT,DFW,13522
LGA,HOU,13522
OAK,PHX,13502
MSY,LGA,13487
SJU,TPA,13448
HOU,ATL,13423
SFO,SWF,13412
CLT,DTW,13385
STL,LGA,13363
ORD,STL,13320
DXB,EWR,13283
SFO,DME,13272
ORD,PIT,13174
SWF,ATL,13128
IAH,PHX,13073
SNA,LGA,13049
PHX,OAK,13038
MCI,DFW,13001
ORD,OAK,12996
PDX,MEX,12966
LAX,OKC,12952
BRU,JFK,12951
ROC,EWR,12934
ORD,CHS,12932
CLT,SJU,12922
ORD,MLM,12918
MEX,IAH,12895
DFW,RDU,12850
HOU,SAL,12783
LGA,SJC,12774
KIN,LGA,12774
BWI,LIM,12762
EWR,DPS,12757
JFK,BUF,12755
SAT,EWR,12736
CVG,JFK,12735
PEK,DFW,12729
STL,DFW,12705
LGA,PUJ,12691
JFK,CLE,12680
SWF,YYZ,12666
LGA,LIS,12634
RDU,DCA,12604
MDW,MLM,12547
SAL,EWR,12514
PHX,MEX,12448
LGA,SNA,12447
BNA,JFK,12438
ORD,SJO,12437
ORD,MCI,12429
BWI,SAL,12425
JFK,BUR,12420
SDQ,LGA,12360
JFK,BGI,12352
MKE,DFW,12306
SNA,JFK,12285
ORD,BUF,12273
MEM,DFW,12244
PIT,JFK,12244
DFW,BJX,12234
CMH,DFW,12217
OAK,EWR,12209
PVG,DFW,12187
IND,JFK,12158
CLE,JFK,12151
DCA,YUL,12149
JAX,ORD,12056
CLT,ATL,12055
ORD,MEM,12045
ATL,CLT,12040
LGA,BUF,12021
IAH,SAN,11990
IAH,YYZ,11971
ORD,ELP,11950
MSY,DCA,11915
ICN,ORD,11787
ORD,PVR,11700
MIA,DTW,11688
GSO,EWR,11683
MSP,CLT,11633
PTY,JFK,11597
ONT,JFK,11585
JFK,OAK,11571
IAH,MSY,11521
DFW,CMH,11406
ORD,LIM,11401
ORD,CAN,11394
JFK,CVG,11377
LGA,STL,11369
DCA,DAL,11369
SAV,EWR,11360
PHX,IAH,11358
EWR,JNB,11352
IAH,CLT,11334
BRU,EWR,11326
BDL,MIA,11248
PHL,MEX,11239
BDL,ATL,11230
BWI,HNL,11181
PVG,YUL,11178
SAL,DFW,11143
MEM,ORD,11142
IAH,SAP,11137
ATL,SWF,11119
HOU,CUN,11109
ORD,GRU,11057
MSP,FLL,11051
SWF,DTW,10994
DEN,LGB,10951
LGA,MDE,10934
BWI,ICN,10933
LGA,IND,10926
BNA,MIA,10923
BWI,YUL,10892
SMF,DFW,10883
BDL,CLT,10876
SJU,DFW,10851
SHA,YVR,10841
IAH,BKK,10823
SMF,EWR,10817
IAD,TLV,10816
DAL,DCA,10810
ORD,TPE,10787
IAH,DXB,10774
ORD,IND,10734
JFK,ANU,10724
EWR,ROC,10721
IAH,BOG,10710
ORD,SMF,10691
FLL,MEX,10688
MNL,EWR,10659
CUN,ORD,10650
SEA,GEG,10610
BOG,LGA,10569
BNA,DCA,10540
HOU,MCO,10538
IAH,TPA,10521
GEG,SEA,10519
LGA,CTG,10502
PBI,ORD,10491
MSY,BWI,10489
ORD,BOG,10438
OMA,ORD,10410
DFW,STL,10406
PBI,PHL,10397
DEN,DAL,10383
EWR,SMF,10371
DFW,PIT,10355
EWR,DAL,10349
JAX,DFW,10347
ORD,SYD,10329
BUF,JFK,10329
MIA,HOU,10315
YVR,LGA,10299
LGA,GUA,10298
JFK,SNA,10290
AUS,MEX,10277
EWR,GSO,10255
CVG,DCA,10254
IAH,MTY,10250
PTY,EWR,10239
JFK,GND,10226
BUR,ORD,10205
MSP,IAH,10196
ORD,BUR,10196
STL,MIA,10191
JAX,DCA,10147
IAH,GUA,10144
YYZ,DFW,10135
SAN,ATL,10135
DFW,ABQ,10078
MCO,CUN,10066
JFK,PIT,10052
LGA,PDX,10042
EWR,PWM,10039
LGA,MYR,10034
EWR,OAK,9962
MIA,STI,9930
LAS,SWF,9923
ONT,ORD,9905
MIA,SWF,9899
DFW,COS,9898
IAD,JAX,9895
DEN,HOU,9871
JFK,CMH,9858
ORD,BDL,9848
SWF,LAS,9828
DCA,MEX,9751
GSP,EWR,9723
PVG,BWI,9715
IAH,SNA,9699
DFW,IND,9688
MCI,DCA,9682
BGI,MIA,9677
SWF,SFO,9674
IAD,HNL,9667
TPA,IAH,9654
DTW,SWF,9646
JFK,ONT,9636
BUF,ORD,9634
EWR,SRQ,9612
ORD,ABQ,9605
BWI,HOU,9601
BUF,LGA,9567
DFW,MCI,9536
MSP,MEX,9531
EWR,MKE,9525
IAH,GDL,9505
LGA,UIO,9500
OAK,MEX,9495
MIA,RDU,9461
CLT,MEX,9460
EWR,ORF,9436
IAH,SJU,9412
RIC,EWR,9405
SAN,SLC,9341
ORD,PUJ,9332
ORD,SJD,9325
DCA,JAX,9313
HOU,BWI,9305
MIA,PHX,9303
EWR,YOW,9303
DTW,BNA,9296
ORD,ONT,9278
ORF,ATL,9276
OMA,DFW,9275
DFW,MEM,9262
DCA,RDU,9250
ORF,DFW,9249
ORD,SIN,9246
CMH,JFK,9238
MSY,IAD,9228
LGA,CHS,9219
SLC,MCO,9207
BDL,ORD,9198
MDE,JFK,9189
MKE,EWR,9179
MNL,ORD,9160
SLC,BOS,9157
RIC,DFW,9149
IAD,CVG,9136
SFO,KOA,9131
HOU,FLL,9130
JNB,JFK,9126
ONT,LGA,9125
CLT,AUS,9108
CMH,MIA,9106
BOS,PAP,9092
MSY,IAH,9086
JFK,IND,9071
BDL,DFW,9025
IAH,HNL,9025
CLT,BDL,8980
EWR,BTV,8936
SAP,IAH,8924
RDU,DTW,8922
ORD,ORF,8898
ATL,BDL,8883
RIC,MIA,8880
ORD,COS,8880
SAN,IAH,8870
ATL,PBI,8863
RDU,IAD,8856
DCA,CVG,8800
DCA,ICN,8800
IND,ORD,8763
EWR,MEM,8737
DFW,MKE,8693
MEM,DCA,8684
GDL,MDW,8650
SMF,HNL,8577
EWR,RIC,8548
SEA,HOU,8531
SNA,ATL,8515
RIC,ATL,8448
SNA,IAH,8440
JFK,CKG,8421
ORD,BHM,8414
IAH,MSP,8409
SMF,JFK,8402
JFK,UVF,8400
JFK,GCM,8389
IAD,RDU,8352
ORD,PTY,8333
LGA,SAL,8303
SFO,HOU,8295
COS,DFW,8255
OGG,LAX,8237
CLT,IAH,8199
EWR,SYR,8197
ONT,EWR,8183
DFW,BHM,8179
SMF,ATL,8177
DFW,PBI,8170
BHM,DFW,8161
AUS,ONT,8159
BGI,JFK,8156
BOS,HNL,8136
FLL,HOU,8132
IAD,STL,8129
ORD,YYC,8121
EWR,SJD,8111
OAK,ATL,8105
BNA,IAD,8102
DFW,SMF,8100
MEM,EWR,8068
ORD,MBJ,8036
SWF,DFW,8029
BKK,ORD,8027
SFO,SVO,8022
CVG,BOS,8018
EWR,GSP,8018
MYR,EWR,8010
MEX,IAD,7983
AUS,CLT,7961
PBI,DFW,7956
ORF,EWR,7937
DAL,EWR,7937
KIN,EWR,7929
BOS,SLC,7916
ATL,BJX,7914
DAL,ORD,7876
IND,CLT,7871
SDF,DFW,7869
ATL,SNA,7859
DFW,SLP,7835
ORF,ORD,7812
BTV,EWR,7809
RIC,LGA,7794
ORD,OMA,7790
ORD,ALB,7788
ELP,ORD,7777
EWR,ONT,7763
SLC,IAH,7710
DCA,STL,7706
OKC,ORD,7697
JFK,SMF,7680
GUA,ORD,7676
ORD,CEB,7674
ICN,ATL,7666
RDU,IAH,7654
LGA,ONT,7601
MEX,DTW,7585
TUS,DFW,7585
EWR,AVL,7578
SJC,YYZ,7558
DFW,BUR,7557
DFW,GUA,7550
BOS,MBJ,7544
SWF,CLT,7534
DFW,BDL,7530
LGB,DEN,7524
BUR,DFW,7512
LIT,DFW,7511
FAT,DFW,7506
SWF,MEX,7498
RIC,ORD,7497
HOU,SEA,7488
ORD,TUS,7486
CMH,ATL,7481
SLC,LGB,7472
IAH,SJO,7453
DFW,JAX,7442
CLT,MSP,7436
SYR,MCO,7426
SWF,PBI,7425
PHX,BOI,7421
ORD,DSM,7410
BWI,MYR,7401
PHL,SAV,7389
OAK,BOS,7385
CVG,IAD,7360
MEM,MCO,7352
SJU,CLT,7345
TPA,BNA,7343
MKE,CLT,7314
RDU,MEX,7306
JFK,JAX,7289
LGA,JAX,7287
CVG,CLT,7284
LGA,GSO,7248
SJC,BOM,7245
GSO,LGA,7243
ORF,MCO,7227
JAX,IAD,7216
BOS,OAK,7213
ORD,DAL,7209
MEM,LGA,7203
CLT,CVG,7191
ORD,OKC,7183
HOU,SFO,7147
JFK,BZE,7129
CLE,SJU,7129
SFO,TSA,7118
DFW,MTY,7109
EZE,LAX,7099
PVG,MCO,7093
ATL,BUF,7092
DFW,YYC,7071
IAH,PTY,7068
OAK,LGA,7063
DTW,RDU,7058
DAL,SJC,7044
EWR,YQB,7037
MCO,HOU,7029
OKC,EWR,7026
IAH,CVG,7026
DCA,BHM,7019
LGA,ORF,6996
RDU,SJU,6990
EWR,TYS,6981
CMH,BOS,6981
SAT,LGA,6969
GUA,IAH,6952
DFW,CHS,6939
IAH,RDU,6916
HOU,SAN,6915
PEK,DTW,6908
MCI,LGA,6900
IAD,MCI,6889
JFK,PLS,6880
ORF,MIA,6873
SJC,IAH,6862
ORD,DPS,6845
ABQ,LAS,6843
ONT,AUS,6840
DAL,JFK,6840
IAH,BJX,6826
RSW,DFW,6824
GRR,EWR,6819
DFW,DSM,6817
ATL,CMH,6801
SYR,EWR,6798
BOS,CVG,6779
LGA,PHL,6767
GMP,EWR,6752
EWR,BUR,6746
IAD,SVO,6738
ORD,MTY,6733
LGA,PWM,6730
HOU,MSY,6723
DXB,IAD,6703
LGA,RIC,6695
MCI,IAD,6680
DFW,BUF,6676
JFK,DAL,6657
SYR,CLT,6649
ORD,DAY,6643
EWR,PLS,6630
BUF,ATL,6624
SFO,LIH,6621
GRR,DFW,6618
ATL,OAK,6614
IAH,SJC,6613
EWR,OKC,6611
DAY,DFW,6598
DCA,MCI,6589
FAR,DEN,6588
EWR,SDF,6578
PHX,OGG,6578
OMA,EWR,6570
DSM,DFW,6569
MEX,FLL,6557
DFW,QRO,6553
DAY,EWR,6550
MCI,BWI,6529
ORD,ANC,6529
IND,BOS,6528
JFK,SJD,6514
DAY,DCA,6512
CHS,ORD,6510
ORF,DEN,6502
PBI,ATL,6478
PVD,ORD,6474
BOS,CMH,6472
EWR,DAY,6467
LGA,BUR,6461
BNA,DTW,6450
ORF,LGA,6441
LAX,JAX,6436
LGA,SAV,6434
IAH,PDX,6432
LAS,HOU,6415
DFW,AGU,6405
JAX,BWI,6403
ORD,CTU,6402
DCA,TLV,6383
SJC,SJD,6379
HOU,DCA,6379
BTR,DFW,6373
CVG,FLL,6352
IAH,YYC,6348
TYS,EWR,6340
ATL,IST,6330
AVL,EWR,6329
LGA,SAT,6320
ONT,MEX,6319
ORD,SRQ,6311
EWR,ANU,6302
BHM,DCA,6295
DFW,FCO,6294
DCA,MBJ,6278
NRT,ORD,6277
IAH,BUR,6277
DCA,HNL,6271
RDU,YYZ,6269
JFK,SAV,6267
HSV,MCO,6266
DEN,SWF,6265
BOS,PUJ,6233
SDF,ORD,6224
SEA,SWF,6218
MSP,CMH,6212
ALB,CLT,6206
RDU,BWI,6196
MYR,LGA,6192
DFW,YUL,6191
SAL,DCA,6188
DCA,MEM,6175
HOU,MTY,6171
IAD,HOU,6167
CVG,TPA,6166
DFW,RSW,6160
EWR,OMA,6151
MDW,MEX,6151
SWF,TPA,6150
DCA,CAE,6147
LGA,MEM,6142
SJU,IAH,6138
BDL,MYR,6134
DFW,ORF,6124
PHL,LGA,6123
DEN,OGG,6113
ATL,BNA,6095
HOU,PHX,6082
BOI,PHX,6080
PIT,MYR,6072
PVD,ATL,6071
HOU,PVG,6070
LGA,DPS,6058
BWI,OAK,6057
ATL,ORF,6055
DAL,DEN,6050
GSO,DFW,6045
JAX,LAX,6043
GSP,DFW,6026
ATL,SMF,6025
ORD,SAV,6018
TYS,DFW,6018
JFK,ORF,5995
RNO,DFW,5994
EWR,CKG,5991
JFK,WUH,5989
BWI,TLV,5983
EWR,BZE,5979
MEX,ONT,5975
CHS,DFW,5972
LGA,DAY,5971
EWR,STT,5963
DCA,HOU,5960
IAD,PUJ,5952
IAD,CAE,5924
TUS,ORD,5922
BNA,BWI,5921
IAH,TPE,5920
ATL,KIN,5913
DFW,SWF,5907
SAT,JFK,5903
HSV,DCA,5902
OKC,ATL,5898
PHL,CAE,5892
SNA,ABQ,5888
YYZ,PHX,5885
DFW,CAE,5882
BHM,ORD,5882
OAK,IAH,5881
PNS,DFW,5877
BWI,DAL,5862
AUS,CUN,5845
ORD,KUL,5842
SYR,ORD,5831
YVR,ORD,5828
SAL,BWI,5825
ORF,JFK,5824
DSM,ORD,5821
ABQ,ORD,5820
ORD,RIC,5819
BUF,DFW,5813
AUS,SJU,5812
BWI,JAX,5812
GEG,DFW,5807
DFW,BTR,5801
ORD,MYR,5798
PHL,BHM,5792
ORD,SDF,5776
JFK,CHS,5769
LGA,MCI,5763
CHS,MIA,5760
SLC,BUR,5748
ORD,PNS,5739
SJC,LGB,5739
STI,MIA,5738
ROC,ATL,5735
PBI,CLT,5732
SWF,RDU,5729
MSP,CLE,5728
ORD,TYS,5728
TPA,HOU,5726
PDX,IAH,5726
ORD,UIO,5719
ORD,AVL,5718
ORD,BOI,5712
LGA,PLS,5698
PHX,HOU,5693
CLT,ALB,5689
ORD,SAL,5688
ORD,LGB,5684
CVG,BWI,5669
ROC,ORD,5661
SAN,MEX,5659
JFK,PHL,5654
CAE,DFW,5649
BOS,DAL,5646
BOI,DFW,5643
DCA,DAY,5641
AUS,YYZ,5638
MSY,HOU,5636
PWM,EWR,5632
CID,DFW,5631
EWR,YHZ,5624
ROC,JFK,5624
EWR,PEI,5616
JAN,DFW,5602
DFW,OMA,5600
DCA,SVO,5597
PHL,JFK,5592
OAK,BWI,5587
MSP,HOU,5575
SAV,DFW,5566
LAX,AGU,5565
ORD,BZN,5559
SLC,SNA,5555
SWF,MSY,5553
CLT,SWF,5553
MEM,CLT,5549
MSP,RDU,5548
DFW,RIC,5544
SWF,PHX,5534
ORD,CAE,5531
FLL,MSP,5527
JFK,NKG,5526
DFW,SDF,5522
IAH,OAK,5516
JFK,SAT,5516
DCA,PHL,5515
DCA,BTV,5511
LGA,CAK,5506
CAE,DCA,5505
HOU,GDL,5491
ORD,PSP,5489
IAD,PHL,5485
ORD,BZE,5472
CAK,ATL,5470
ONT,IAH,5469
ATL,RIC,5461
JFK,SXM,5457
ORD,GIG,5454
STT,MIA,5443
IAH,ABQ,5436
IND,AUS,5435
HNL,ORD,5432
TUL,LAX,5430
LAX,MZT,5427
BWI,PHL,5425
GSO,MIA,5420
IAH,ONT,5418
LAX,GEG,5416
MIA,STT,5412
CTG,JFK,5397
CLE,AUS,5391
MIA,BGI,5390
MEX,NRT,5387
MCO,SLC,5387
BWI,MCI,5379
DTW,PBI,5377
DFW,CID,5372
IAD,MBJ,5364
ATL,PUJ,5361
SJC,MCO,5359
SJC,DTW,5344
RDU,SWF,5339
DFW,DAY,5335
SDF,EWR,5328
PBI,SWF,5307
SFO,TUS,5307
DAY,ORD,5300
DFW,BOI,5299
SGF,DFW,5296
MBJ,BWI,5295
KIN,ATL,5284
MCO,GDL,5270
MCI,IAH,5267
ALB,ORD,5263
LGB,SLC,5262
HPN,ORD,5242
PVD,MIA,5234
HOU,TPA,5233
BNA,TPA,5233
JFK,BTV,5228
MSN,DFW,5222
OAK,YVR,5221
OMA,ATL,5216
PVG,YHM,5211
PWM,DCA,5210
CHS,LGA,5202
HPN,CLT,5197
IAH,SJD,5192
DSM,EWR,5191
LGA,OAK,5174
BRU,MIA,5172
LGA,SDF,5171
IAD,BTV,5167
SJC,CUN,5166
IAH,STL,5165
GEG,LAX,5161
MSP,SNA,5159
PHX,SWF,5151
IAH,COS,5134
ORD,EZE,5130
JAN,DCA,5128
ATL,DAL,5122
PEK,YUL,5116
JFK,ROC,5115
BWI,CVG,5111
MCI,JFK,5109
DFW,TUS,5102
PHX,SJD,5102
ORD,BTV,5099
CHS,DEN,5092
SDF,LGA,5092
ORD,SCL,5092
PNS,DCA,5089
CVG,MSP,5086
DFW,PNS,5085
HOU,SJU,5082
ORD,LIT,5080
MDW,CUN,5077
EWR,DSM,5073
XNA,DFW,5072
HPN,ATL,5070
HOU,IAD,5066
OAK,DCA,5063
ORD,PVD,5055
LGA,YOW,5050
SMF,LGA,5039
MTY,JFK,5038
MSP,CVG,5033
LGA,CAE,5032
MDE,EWR,5028
ORD,OGG,5019
DCA,MYR,5019
GSP,ORD,5018
EWR,BHM,5017
ORD,ROC,5015
TPA,CVG,5015
CLT,IND,5013
GRR,ATL,5009
IAH,PVG,5008
SWF,DEN,5007
CLT,MBJ,5007
OAK,CUN,4998
SAV,DCA,4991
BUR,NRT,4986
LGA,BHM,4982
MIA,BHM,4974
LIT,ORD,4973
MCO,SJC,4972
ORD,RNO,4972
EWR,BGI,4971
SRQ,EWR,4964
SLC,ONT,4963
FSD,DFW,4959
DFW,RNO,4955
DEN,CHS,4952
STL,IAH,4950
IAD,DAY,4949
ORD,CHA,4949
OKC,SEA,4941
GDL,OAK,4920
ORD,SYR,4917
LEX,DFW,4912
MDW,BJX,4905
SMF,IAH,4903
ORD,GSP,4900
PVD,DEN,4895
CLE,IAH,4894
BTV,DCA,4894
BWI,PUJ,4885
IAD,DAL,4875
EWR,ELP,4865
MEX,PHX,4862
BNA,IAH,4856
MCI,TPA,4855
CHA,DFW,4851
SRQ,BOS,4842
DXB,ORD,4841
MEM,DTW,4841
MEM,BWI,4835
ONT,MIA,4832
LGB,DFW,4829
IAH,MCI,4823
DFW,CHA,4813
BUF,MIA,4810
MLI,DFW,4807
GSO,ORD,4807
BWI,SDQ,4797
BHM,EWR,4796
LGA,CHO,4792
BWI,YVR,4790
IAH,IND,4786
DFW,MBJ,4775
PHL,BGR,4772
RDU,TPA,4763
IND,IAH,4751
PIA,DFW,4750
BDL,DTW,4746
IAH,BHM,4744
TUS,SFO,4742
PEK,YYC,4740
DAL,BWI,4738
ATL,COS,4737
LAX,DAY,4720
CVG,IAH,4713
DAY,ATL,4710
CLT,PBI,4709
HSV,DFW,4698
ROC,LGA,4697
DFW,BZN,4693
BHM,MCO,4693
PEK,MIA,4690
DFW,BIL,4684
MLI,DEN,4676
ATL,ELP,4675
EWR,DAB,4675
SYR,ATL,4674
IAD,UIO,4672
IAD,SAV,4661
OAK,MLM,4658
LIT,DCA,4656
SAV,LGA,4655
TPA,PNS,4655
LFT,DFW,4649
HOU,CLT,4642
TLH,MIA,4640
TYS,DCA,4639
MSP,PVR,4637
PBI,DTW,4634
MIA,IND,4630
DFW,MLM,4629
TUL,ORD,4629
COS,ORD,4625
PVD,RSW,4622
DFW,VPS,4615
CMH,PEK,4605
MIA,TLH,4602
LAX,XNA,4597
STL,DTW,4593
DTW,BHM,4590
SMF,MEX,4586
IAH,SMF,4584
SEA,OKC,4574
GDL,DFW,4570
FWA,DFW,4570
RDU,MSP,4552
MKE,LGA,4548
LGB,SJC,4547
FAR,DFW,4542
SAN,HOU,4538
IAD,YVR,4538
MCO,AVL,4534
SMF,MCO,4525
MSP,BDL,4521
ORD,DLH,4519
MIA,STL,4514
IAH,CHS,4513
DTW,MEM,4508
TYS,ORD,4508
HOU,BKK,4507
FLL,CVG,4507
BWI,STL,4505
SDF,MCO,4498
IAH,SIN,4491
CVG,AUS,4490
MKE,BOS,4482
RDU,CVG,4481
LAS,ABQ,4475
BUR,IAH,4473
ORD,JAN,4471
LGA,SMF,4469
MSP,ABQ,4467
OMA,DCA,4466
CLT,DAB,4463
SEA,OMA,4460
DFW,LIT,4459
ATL,CAK,4457
RNO,GDL,4456
SNA,MSP,4455
IAH,MGA,4451
PTY,LGA,4443
ICT,ATL,4441
JFK,STL,4440
TUS,LAS,4431
EWR,MSN,4427
PNS,MIA,4427
IND,RSW,4426
PHL,DAB,4422
PNS,ORD,4418
MCO,SYR,4417
AUS,HNL,4410
XNA,LAX,4409
EWR,GRR,4404
SNA,SLC,4402
IAH,PBI,4399
PNS,CLT,4396
BOG,ORD,4396
RIC,BNA,4395
DTW,BDL,4394
ATL,ABQ,4388
LGA,BZE,4387
DEN,JAX,4387
BOS,IND,4385
ORD,AGU,4383
CHA,DCA,4380
LGA,ROC,4378
TLH,DFW,4377
MEX,BWI,4371
LGA,BGI,4369
SRQ,CLT,4368
FAT,ORD,4365
ORD,MDE,4362
MSN,EWR,4362
SDF,ATL,4354
CMH,RSW,4351
DFW,TYS,4350
IAH,BDL,4348
TPA,SWF,4347
ORD,GSO,4343
ONT,SLC,4341
BWI,DAY,4338
ORD,CHO,4337
IAH,PIT,4335
HGH,JFK,4334
IAD,CTG,4333
BOG,IAH,4328
OAK,MIA,4321
HPN,DCA,4321
EWR,PHL,4312
ELP,EWR,4308
RDU,SAT,4307
LGA,FOC,4295
IAH,DAY,4288
IAH,CAK,4287
JFK,XIY,4285
CMH,MSP,4284
BHM,LGA,4280
BWI,CAE,4279
ELP,ATL,4279
JAX,ATL,4276
DCA,CHA,4271
MCO,BHM,4268
ATL,ALB,4261
OAK,HOU,4258
LGB,ORD,4256
PHX,PVR,4256
CHS,JFK,4254
YYZ,IAH,4253
ORD,QRO,4252
DFW,GRR,4251
EWR,TUS,4246
LEX,ORD,4245
SEA,BDL,4243
MDT,ORD,4227
SYR,JFK,4225
IAH,MEM,4224
MKE,IAH,4221
IAH,ICN,4221
MIA,UVF,4219
DAL,IAD,4217
JFK,STT,4214
LIM,ORD,4213
TPA,AVL,4213
SHA,IAD,4208
BOS,SRQ,4206
PWM,LGA,4202
BOS,BDA,4200
PHL,CAK,4199
JFK,SYR,4199
BWI,RDU,4197
ATL,DAY,4197
DAY,LGA,4190
PEK,MCO,4189
MTY,IAH,4186
JFK,SDU,4184
EWR,WUH,4183
IAH,CAE,4180
ATL,SRQ,4180
EWR,BZN,4180
IND,YYZ,4169
GCM,JFK,4168
BHM,MIA,4166
DXB,LGA,4163
CLT,MEM,4162
ICT,ORD,4156
MEX,OAK,4155
CLT,MKE,4155
DAY,BWI,4155
SAV,ORD,4155
SAN,GDL,4149
DCA,SAV,4143
ILM,DCA,4127
IAH,TGU,4127
XNA,LGA,4127
FNT,ATL,4126
DAB,CLT,4124
SYR,DFW,4119
IAH,BZE,4118
MEX,HOU,4118
BWI,MEM,4114
STL,JFK,4111
CMH,IAH,4090
SJU,CLE,4085
ORD,ZCL,4079
SAV,BWI,4073
HOU,GUA,4069
BWI,BHM,4063
MSP,STL,4061
DCA,PWM,4058
IAH,GIG,4058
GDL,JFK,4056
SXM,MIA,4053
GSO,FLL,4053
IAD,SDQ,4052
ORD,TUL,4045
TUS,ATL,4035
STL,YYZ,4032
LGA,SJD,4030
XNA,EWR,4030
MSP,OAK,4024
ORD,SLP,4022
OAK,MSP,4020
EWR,SXM,4020
BGR,DCA,4017
JFK,SRQ,4015
GSO,ATL,4013
PIT,IAH,4007
JFK,MCI,3999
LGA,ELP,3997
MSN,DCA,3997
CLT,SYR,3997
DCA,PNS,3996
DCA,SDF,3996
HPN,PBI,3991
LGA,BTV,3987
MEM,IAH,3985
SJC,MSP,3984
CTG,EWR,3971
ORD,MDT,3969
DCA,OAK,3966
DFW,SAV,3964
SLC,OAK,3957
LGA,YQB,3957
ABQ,ATL,3955
DXB,DFW,3954
IAH,PVR,3953
ORF,DTW,3948
BDL,CLE,3943
DXB,IAH,3943
SJC,CVG,3943
IND,MEX,3941
EWR,BAQ,3938
LGA,STT,3937
TUL,ATL,3936
CAK,LGA,3936
ORD,FAT,3931
ATL,OKC,3930
MGM,DFW,3921
JFK,MYR,3918
IND,MSP,3918
EWR,ILM,3917
HSV,BWI,3910
LGA,DAB,3906
SBN,CLT,3905
FLL,AVL,3903
GJT,DFW,3895
MDT,ATL,3895
JAN,ORD,3887
BDL,YYZ,3887
EWR,SDU,3887
SLC,ABQ,3885
ORD,DAB,3879
JFK,CSX,3878
DSM,ATL,3877
AUS,CVG,3869
IAD,TGU,3858
CAE,BWI,3857
MKE,MIA,3856
RAP,DFW,3851
COS,ATL,3844
BUR,SLC,3843
DCA,YVR,3842
CMH,MSY,3841
BUR,HND,3839
MSP,JAX,3839
LGA,AVL,3839
ORD,LEX,3837
BOI,ORD,3835
ORD,HPN,3833
ORD,NAS,3826
IAH,JAX,3825
LIT,ATL,3825
SHE,YVR,3824
PVD,DFW,3821
ORD,DGO,3816
LGA,ILM,3806
MCI,HNL,3802
JFK,TAO,3797
ORD,CTG,3796
HOU,MSP,3795
LGA,GCM,3789
CLE,YYZ,3780
LGA,BGR,3779
MLB,CLT,3776
LEX,CLT,3774
GSP,MCO,3771
ROC,SJU,3766
ROC,DFW,3765
DFW,GEG,3763
STL,CUN,3756
MSP,IND,3754
LGA,SRQ,3753
FRA,DFW,3752
PAP,BOS,3752
MEX,BCN,3743
EWR,NKG,3743
BDL,MBJ,3743
JFK,BAQ,3742
RDU,CMH,3737
BHM,BWI,3734
DCA,PUJ,3728
LGA,ANU,3726
CMH,YYZ,3725
PHX,SJU,3724
BWI,SAV,3723
SAV,JFK,3719
IAH,MKE,3717
SAL,LGA,3715
TYS,MCO,3713
OAK,SJD,3712
IAD,BHM,3710
GSP,LGA,3708
YYC,DEL,3705
ORD,YWG,3704
GSP,DTW,3702
PLS,MIA,3698
MIA,PLS,3697
PDX,TUS,3690
SAT,HNL,3688
LGA,COS,3687
ALB,DFW,3685
BWI,CTG,3684
TPA,HNL,3681
PHL,EWR,3676
MCO,HSV,3675
MIA,ORF,3672
BHM,DTW,3671
DAL,FLL,3670
FNT,ORD,3670
UIO,ORD,3669
SRQ,ATL,3667
ATL,DAB,3661
ATL,NAS,3660
MGM,DCA,3658
STL,HNL,3657
EWR,UVF,3653
BWI,AVL,3646
CLE,MSP,3646
FLL,IND,3639
IAD,MDE,3637
LGA,MKE,3632
DFW,JAN,3629
PVD,LAX,3628
PHL,PNS,3628
CMH,MYR,3626
LGA,SYR,3617
ATL,PVD,3607
ICT,EWR,3606
CVG,SWF,3605
BWI,STT,3599
DFW,ALB,3596
DFW,GSO,3595
ORD,STT,3590
TUS,EWR,3590
SWF,PIT,3587
LGA,DSM,3587
SJC,SAT,3581
PVD,RDU,3571
HPN,DFW,3570
EWR,BOI,3569
SLC,OGG,3568
BHM,PHL,3567
YEG,DEL,3564
DAL,MCO,3562
PHF,ATL,3559
JFK,PWM,3557
HOU,BOG,3557
PHF,CLT,3556
JFK,TUS,3550
CLT,HNL,3550
IAH,ANC,3549
DFW,SAP,3548
PHL,DAL,3547
TPA,RDU,3547
DFW,ANC,3544
ATL,CHS,3542
HSV,ORD,3535
PHX,NRT,3534
YVR,GMP,3534
OMA,BWI,3533
SAN,SWF,3531
DTW,BUF,3529
DAL,PHL,3529
RDU,HOU,3523
CLE,BDL,3522
DFW,TGU,3522
ORD,PWM,3516
BWI,KIN,3512
CHS,ATL,3509
FLL,HNL,3506
MCO,DAL,3506
MSY,RDU,3504
EWR,XNA,3501
LGA,CKG,3501
HOU,YYZ,3499
SJO,ORD,3490
MCO,PUJ,3484
OMA,LGA,3483
ATL,DSM,3479
DFW,SIN,3474
DAL,SNA,3468
JAX,IAH,3466
STL,MSP,3463
PHL,TYS,3462
OAK,IAD,3460
RSW,CMH,3459
BWI,SDF,3458
MSP,ONT,3457
EWR,GCM,3456
XNA,ORD,3455
DAL,ATL,3454
STL,HOU,3452
SRQ,ORD,3451
ORD,AUA,3451
ORD,CGK,3451
DCA,SDQ,3451
MSP,SWF,3449
NKG,JFK,3449
OKC,DTW,3448
MKE,DTW,3445
MEX,DCA,3445
CAE,IAD,3442
DCA,SRQ,3440
LUK,MDW,3440
CLT,HOU,3437
DAY,LAX,3436
LGA,GSP,3435
SFO,COS,3433
PEI,JFK,3430
OKC,LGA,3429
PIT,SWF,3429
DFW,CZM,3429
MSP,BUF,3429
YTZ,LAS,3428
BOS,DAB,3427
BUF,MEM,3424
SGN,JFK,3422
MSP,TUS,3420
DTW,DAB,3416
ORF,IAH,3415
PHL,AUA,3414
HGH,EWR,3414
ORD,GEG,3414
MCI,HOU,3411
GEG,ORD,3407
CAE,ORD,3406
HNL,MCO,3403
SWF,AUS,3400
DCA,CTG,3398
LAS,SJD,3397
CLE,HOU,3389
PHL,SRQ,3387
PVD,LAS,3387
RDU,IND,3386
SMF,MIA,3384
IAH,QRO,3382
LAX,MID,3376
PHX,LIH,3374
IAH,MBJ,3373
DCA,TYS,3366
IAH,SLP,3366
RNO,ORD,3366
MIA,SDF,3362
DFW,GSP,3359
MIA,PNS,3358
ILM,BOS,3356
IAH,SWF,3349
TPA,MEX,3349
SFO,CTG,3346
RSW,BNA,3342
OMA,IAH,3341
SGF,ORD,3340
BMI,DEN,3338
MIA,STX,3338
BDL,DAB,3337
DFW,LGB,3337
SAV,MIA,3336
MSN,BWI,3336
IAD,TYS,3335
TUL,DCA,3331
IAH,MUC,3326
SJC,PVR,3320
MCI,YYZ,3320
MNL,LGA,3319
CLE,BHM,3319
SJU,HOU,3318
CHA,DEN,3317
BOS,STT,3314
ONT,ABQ,3313
FLL,HPN,3313
SYR,FLL,3309
LIT,BWI,3309
MDT,DFW,3307
DEN,FAR,3306
ORD,SZX,3306
MCI,LHR,3304
PVD,CHS,3303
BRU,LAX,3300
PWM,ATL,3296
SWF,IAH,3294
FNT,DFW,3293
HNL,IAH,3293
PBI,BNA,3292
MTY,ORD,3285
ORD,HSV,3284
PHL,GSP,3284
MSP,BOI,3282
DCA,TGU,3280
ILM,LGA,3278
MKE,YYZ,3274
IAH,ORF,3274
TUS,SJC,3274
MIA,FPO,3270
CLT,NAS,3270
DTW,STL,3269
SWF,SEA,3265
PHL,AVL,3263
TPA,MCI,3263
DAL,BOS,3262
PSP,ORD,3261
PBI,IAH,3260
ATL,ROC,3259
SAL,HOU,3259
BWI,DAB,3256
BUF,SJU,3254
STL,JAX,3254
ORD,XNA,3252
CAK,DFW,3251
OKC,PHL,3247
ANC,ORD,3247
OMA,DTW,3245
SEA,YYJ,3244
MYR,BWI,3239
DAB,EWR,3239
MCO,YVR,3238
CHA,BOS,3235
TGU,IAH,3234
IND,BDL,3233
BRU,IAD,3230
ORD,SDQ,3230
CUN,MCO,3224
OAK,ABQ,3221
PNS,BWI,3214
SWF,CVG,3212
SAT,CMH,3208
BRU,LGA,3207
IND,RDU,3207
SWF,SAN,3204
PSC,GDL,3204
DAL,OAK,3203
CAK,EWR,3202
MCO,SMF,3200
MCO,STI,3198
JAN,MCO,3198
SFO,YYJ,3196
EWR,CAE,3196
CAE,LGA,3195
PIA,DEN,3195
ATL,GRR,3194
IAH,TLV,3189
IND,SWF,3189
LGA,BZN,3185
IAD,STT,3180
ORD,ICT,3179
IAD,OAK,3169
DFW,SGF,3167
IAH,RSW,3155
ORD,SGF,3154
MSP,ALB,3152
ILM,DEN,3151
IND,DTW,3151
SAT,RDU,3147
MSP,ICN,3145
SWF,CLE,3141
ATL,JAX,3141
PTY,ORD,3138
MBJ,BOS,3138
TGU,IAD,3137
BTR,ATL,3136
BNA,CUN,3134
PDX,KEF,3133
RDU,PBI,3132
ORD,EYW,3131
STL,BNA,3125
GRU,ORD,3123
GRR,RSW,3115
LGA,BTR,3112
SRQ,JFK,3110
PVD,DTW,3110
ATL,BTR,3107
CVG,BDL,3107
CLE,HNL,3105
TPA,BHM,3102
BTV,ORD,3100
CLT,COS,3100
IAH,UIO,3099
FWA,ATL,3097
ABQ,SNA,3096
FLL,DAL,3093
SMF,ABQ,3088
SWF,MSP,3087
SDF,FLL,3086
BOS,CHA,3084
BJX,ORD,3084
SAV,DTW,3083
FNT,MCO,3082
IAH,NAS,3079
CVG,RDU,3079
XNA,ATL,3078
MSP,MEM,3076
PHX,KOA,3072
MSN,BNA,3071
FAY,DFW,3069
TUL,SAN,3068
IAH,TUL,3066
LGB,MIA,3065
SLC,LIH,3059
MKE,ABQ,3057
SLC,TPA,3056
MCI,CVG,3056
HOU,BJX,3055
PIT,DTW,3047
ATL,SYR,3042
HSV,EWR,3038
BUR,ABQ,3038
ATL,LGB,3035
EWR,BGR,3034
PBI,AUS,3033
TUL,IAH,3030
JAN,ATL,3030
BNA,MEX,3029
HOU,STL,3026
LIT,BOS,3026
DFW,PUJ,3024
ATL,BTV,3024
XNA,LAS,3023
ORD,SAP,3021
IND,HNL,3020
EWR,SBN,3020
UVF,JFK,3018
RDU,BHM,3014
BUF,CHS,3014
SEA,CID,3014
HOU,HNL,3007
JAN,BWI,3007
HOU,SAP,3006
SHA,YUL,3005
YUL,DEL,3004
PHL,DCA,2999
ORD,ILM,2997
FSD,ORD,2996
SAV,IAD,2994
DCA,UIO,2994
PIT,DAB,2993
DTW,ORF,2992
GSO,DTW,2992
FNT,DEN,2991
LGB,BKK,2986
MDT,BNA,2985
SAV,BDL,2985
MYR,ORD,2984
YHM,LAS,2984
DFW,CAK,2982
CHA,ORD,2980
DAL,MEX,2978
DFW,XNA,2978
TUS,PDX,2977
ONT,NRT,2976
PHL,CHA,2974
HOU,OAK,2974
DCA,BTR,2973
ABE,DFW,2969
CAE,DEN,2966
SHV,LAS,2966
DFW,CUU,2965
SJC,HOU,2965
RDU,STL,2964
RIC,JFK,2962
MYR,DFW,2959
BNA,ABQ,2958
ABQ,BNA,2958
DAL,BUR,2957
BWI,BTV,2955
BNA,HOU,2955
GRR,ORD,2954
ATL,TUS,2954
FLL,BHM,2953
SFO,ORF,2952
CVG,DTW,2950
FNT,LAS,2949
GEG,EWR,2946
COS,DCA,2940
ORD,BTR,2939
XNA,BOS,2939
AVL,ORD,2938
CAE,PHL,2938
DAB,ATL,2935
OAK,PVR,2935
IAH,AMM,2932
SDF,TPA,2932
PIT,JAX,2930
SRQ,LGA,2929
SBN,ATL,2928
CTG,LGA,2924
TUL,MIA,2923
ILM,DFW,2920
JFK,MTY,2916
MSP,DAB,2915
LGA,CHA,2914
MSY,CUN,2912
DCA,LIT,2911
BWI,BTR,2911
IND,HOU,2908
MSP,ORF,2904
IAD,PWM,2902
SYR,LGA,2897
RST,ORD,2896
MSP,PIT,2895
OAK,HKG,2895
ONT,HOU,2893
CLE,SWF,2890
RDU,LIM,2890
LGA,XNA,2889
MDW,LUK,2888
MHT,ATL,2885
ROA,DFW,2885
DFW,BZE,2885
LGB,MCO,2882
LGB,GDL,2882
MEX,MDW,2882
LGA,UVF,2882
CEB,JFK,2880
BTV,ATL,2879
IAH,SDF,2878
LEX,BWI,2878
MKE,MSP,2878
MSN,LGA,2876
JAX,MSP,2875
ROA,ATL,2875
PHL,ILM,2875
MYR,ATL,2875
DFW,MSN,2875
ORD,RST,2874
ILM,BWI,2873
DAY,IAD,2872
MCO,SDF,2872
MSP,SJD,2872
ALB,DTW,2868
SNA,HOU,2868
ROC,MIA,2867
TYS,AUS,2866
BDL,IAH,2866
PHF,DFW,2865
SAV,ATL,2865
ILM,EWR,2864
IAD,MEM,2862
EWR,CID,2861
AUS,SWF,2860
ORD,HKT,2860
CHO,DFW,2859
MEM,CMH,2858
CHO,LGA,2854
BWI,CID,2853
PHL,BWI,2851
IAD,DAB,2850
FLL,DAY,2846
PWM,ORD,2846
CLT,EYW,2846
DCA,KIN,2843
XNA,AUS,2842
JNB,EWR,2841
MSN,ATL,2841
MYR,JFK,2840
IND,CLE,2840
ILM,BNA,2840
EWR,CAK,2837
BGR,CLT,2835
MSP,OGG,2832
PTY,IAH,2832
ILM,CLE,2830
PWM,DFW,2830
CLE,DAB,2828
LEX,MCO,2828
DTW,ALB,2827
LGA,TUS,2826
BTV,JFK,2825
AVP,DFW,2825
JFK,OAX,2823
PWM,BWI,2823
PHL,MSN,2821
YHZ,EWR,2814
LGA,YEG,2814
CVG,BNA,2813
PHF,DEN,2812
NKG,EWR,2806
IAH,OMA,2805
OMA,ABQ,2802
SLC,HOU,2801
PIT,MSP,2800
RDU,MBJ,2799
DCA,DAB,2799
ORD,CLO,2797
MKE,CVG,2796
COS,BWI,2796
MSP,CAE,2794
EWR,PNS,2794
SHV,ATL,2788
SAT,CAE,2785
SYD,YYZ,2784
IND,DAB,2783
BOS,CTG,2781
IAH,ALB,2778
HPN,BNA,2778
ATL,HPN,2777
LGA,AGS,2776
DCA,STT,2775
SDF,IAH,2773
PHL,IAD,2769
HOU,SNA,2765
OKC,CLE,2761
SMF,SAT,2761
ELP,LGA,2761
DCA,HSV,2756
PBI,HPN,2749
MSN,PHL,2748
DTW,CVG,2747
PDX,HOU,2747
SBN,EWR,2743
AVL,DCA,2742
DFW,NAS,2741
ROA,ORD,2740
LAX,AVP,2739
MDT,AUS,2734
IND,BHM,2733
SYR,MIA,2730
ABE,ORD,2729
OAK,SLC,2729
DTW,DSM,2729
GRK,BNA,2724
TYS,DTW,2722
PWM,JFK,2721
MHT,DFW,2720
MCI,JAX,2719
PHL,BTR,2719
MSN,DTW,2712
BWI,BZN,2712
YYC,DFW,2710
ILM,ORD,2708
FLL,GSO,2707
BUF,DTW,2706
MIA,SAV,2706
SWF,IND,2705
DCA,VPS,2704
ILM,DTW,2697
DFW,LEX,2697
HPN,DTW,2694
YYC,EWR,2688
STL,CVG,2688
CAE,LAS,2687
PWM,DTW,2686
BWI,MDE,2685
ORD,TGU,2685
ORD,AGS,2684
DFW,GPT,2683
FAR,ORD,2680
BHM,IAH,2678
TUS,LGA,2678
LGA,OMA,2676
BGI,EWR,2676
FAT,JFK,2676
IAH,PUJ,2674
DXB,ATL,2672
MDE,LGA,2672
BWI,SRQ,2672
SDF,DTW,2669
LAX,AGS,2669
MNL,IAH,2668
BWI,EYW,2667
CHO,ATL,2667
ALB,CMH,2661
MLI,ATL,2661
BTV,BNA,2661
LGA,OKC,2661
JFK,DLC,2657
CMH,HNL,2656
IAH,LIT,2655
OAK,DAL,2655
LEX,ATL,2653
GSO,BNA,2652
ORD,FSD,2651
BDL,MSP,2651
RSW,IAH,2651
GSP,CVG,2651
DFW,CRW,2651
AVL,DFW,2651
BTV,BWI,2650
ATL,LIT,2650
DCA,YYC,2645
HOU,MCI,2643
IAH,MDE,2641
IAD,YYC,2638
CVG,BHM,2638
LIT,IAH,2638
VPS,BWI,2636
TYS,LGA,2632
AGS,BWI,2631
DTW,CHA,2631
RDU,BTR,2629
GSO,CVG,2628
BDL,BUF,2626
ORD,ROA,2621
BWI,TYS,2620
IND,ALB,2616
SRQ,DFW,2616
LGB,ATL,2614
GSP,TPA,2614
HOU,DEL,2611
LGA,MSN,2611
ALB,CLE,2610
HSV,DTW,2610
IAH,TYS,2607
MHT,DTW,2607
GRR,MIA,2606
CRW,DFW,2605
BTR,LAS,2603
PHX,HMO,2601
GRR,LGA,2597
IAD,BTR,2597
BGI,LGA,2597
SFO,YOW,2596
ABQ,MSP,2596
ONT,ICN,2593
MLI,AUS,2593
SWF,RSW,2593
BWI,YYC,2591
AVP,ATL,2589
ATL,SDF,2588
TRI,DFW,2587
BTV,DFW,2587
CMH,SWF,2586
JFK,DAB,2585
DTW,ECP,2585
IAD,SDF,2583
LNK,ORD,2583
LEX,DCA,2582
CVG,HOU,2582
IAD,HSV,2580
ROA,LGA,2578
HOU,RDU,2578
PNS,ATL,2575
BHM,CVG,2571
GUA,HOU,2571
BWI,AGS,2569
TUL,CLE,2567
MSY,SWF,2566
CUN,MDW,2562
MSP,DAY,2561
DCA,MDE,2560
BOS,BGI,2560
DTW,AGS,2559
ILM,ATL,2557
BNA,CVG,2554
DSM,LGA,2552
DFW,MDE,2545
DFW,JAC,2544
BWI,ECP,2544
LGA,TYS,2540
MKE,DAY,2540
GNV,DEN,2538
CLT,HPN,2536
SGF,ATL,2536
TUL,EWR,2535
TUL,LGA,2535
CAK,MIA,2535
CMH,ALB,2535
ILM,AUS,2535
ATL,CHO,2534
ORD,FAR,2530
CLE,ALB,2529
TUL,HOU,2529
MSP,MKE,2527
SWF,BNA,2526
IAD,BZN,2526
IAH,MLM,2526
DTW,GSP,2523
MBJ,ORD,2522
RDU,CHA,2522
DEN,GSP,2521
AVL,FLL,2520
SGF,LAS,2518
JFK,RIC,2516
BMI,ATL,2516
BWI,PNS,2515
ROC,DTW,2515
ABQ,IAH,2514
SNA,NRT,2513
MIA,SYD,2512
BUF,DAB,2512
CAE,EWR,2509
HSV,COS,2509
CLT,AUA,2507
FSD,ABQ,2507
MSY,DAY,2507
MEM,JFK,2505
IND,SJC,2504
OKC,FLL,2501
BWI,PVR,2500
TUS,MSP,2499
BGR,BWI,2499
GNV,DCA,2497
DFW,MOB,2494
SNA,DAL,2493
SJU,MSY,2493
TPA,SJC,2493
MSN,BDL,2493
ATL,MTY,2492
DTW,BTR,2491
DSM,IAH,2487
SJC,TPA,2485
BUF,BDL,2483
GRB,DFW,2482
MSP,DSM,2481
BOS,MKE,2479
SAL,ORD,2479
HOU,ONT,2478
TPE,SEA,2477
BNA,RSW,2475
LIT,LGA,2475
SWF,CMH,2475
DFW,SYR,2474
ONT,SJD,2473
MLI,DCA,2472
EZE,NRT,2471
GDL,EWR,2460
TRI,DEN,2460
DFW,DAB,2460
SNA,DAY,2459
DFW,AGS,2457
RST,DFW,2457
AVP,ORD,2456
BTV,IAD,2456
BHM,JFK,2455
ORD,ACA,2452
LGA,JNB,2445
SBN,BNA,2441
ORD,OAX,2441
OMA,HNL,2440
GRR,IAH,2439
HSV,IAD,2438
ALB,MYR,2435
ATL,PWM,2435
BIL,LAS,2433
AVL,MCO,2432
RST,DCA,2432
MLB,ATL,2431
OMA,CHS,2431
SWF,SDQ,2428
ATL,TUL,2428
SYR,DTW,2427
DFW,HSV,2425
IAD,PVR,2418
AGS,DCA,2413
ABE,TPA,2410
ORD,WUH,2409
TUS,JFK,2408
PHX,HND,2407
IAH,LIR,2405
MIA,BDA,2405
SJU,PHX,2404
OMA,TPA,2402
TPE,ORD,2402
IAH,SAV,2402
MTY,DFW,2399
EWR,XIY,2399
PHF,CMH,2398
CMH,SAT,2398
BHM,CHS,2397
CMH,DAB,2395
MCI,DAB,2394
SJO,IAH,2389
JAX,BHM,2389
TUS,MCO,2389
HOU,PDX,2388
MDT,DTW,2388
CAK,MYR,2387
DAY,IAH,2386
PHL,SYD,2384
EWR,MHT,2384
ORD,CKG,2383
GNV,BWI,2383
HSV,CHS,2381
LGB,YVR,2380
ATL,UIO,2378
DCA,EYW,2378
BOS,ILM,2374
OAK,CLT,2374
DTW,OKC,2374
CMH,RDU,2372
AGS,DEN,2372
AGS,DFW,2370
MSN,CMH,2369
LAX,JAC,2368
GRB,DTW,2365
TUS,IAH,2364
MCO,GSP,2357
DFW,LFT,2357
ATL,EYW,2355
PBI,RDU,2355
SDF,BHM,2352
CLT,SRQ,2352
DTW,BTV,2350
DAY,DAB,2346
HPN,AUS,2344
AZO,DFW,2340
FAY,BNA,2339
MEM,HOU,2337
CHA,MCO,2336
STL,SMF,2335
CAK,PHL,2334
GRR,MSP,2334
ORD,MGA,2334
DFW,MLI,2333
IAH,GRR,2333
CAK,IAH,2333
SLC,KOA,2332
SLC,BIL,2329
BTV,LGA,2329
EWR,MTY,2326
SGN,EWR,2326
MTY,EWR,2324
OAK,YYZ,2322
GSP,MIA,2317
DAB,DFW,2311
PHL,LEX,2310
LGA,ROA,2309
RIC,MSP,2307
SAT,SMF,2307
SMF,STL,2306
LFT,MCO,2306
DFW,ROC,2306
ORD,CZM,2302
UIO,IAD,2301
ORD,KOA,2298
DFW,YOW,2297
ZRH,ORD,2295
DCA,PVR,2293
MSY,YYZ,2292
DFW,TLH,2291
LGA,GRR,2291
GSO,TPA,2290
MSP,DAL,2288
GSP,FLL,2288
ORF,HNL,2286
ORD,MOB,2285
SLC,COS,2285
LGA,SXM,2284
ATW,ATL,2283
PIT,HOU,2283
ORD,LIR,2277
PIT,SAV,2277
MLM,MDW,2273
MKE,CMH,2271
BRU,ORD,2271
LAX,MDW,2268
HOU,SJC,2267
BDL,SRQ,2266
CAE,IAH,2265
GNV,ATL,2263
CHO,ORD,2263
CMH,PBI,2263
TPA,SDF,2262
LGA,YHZ,2260
ATL,CRW,2257
NRT,IAH,2253
EVV,ORD,2253
CVG,HNL,2251
MIA,PVD,2250
MYR,MCO,2250
OKC,JFK,2248
IAH,TUS,2243
LGA,PNS,2243
MSP,GRR,2242
ATL,BMI,2241
BNA,SWF,2239
BMI,DCA,2238
BUR,DAL,2237
GSO,BHM,2234
LEX,DTW,2234
MSP,RIC,2232
DCA,OMA,2232
ALB,DAB,2232
ONT,OKC,2232
CRW,ATL,2231
LEX,IAH,2230
GPT,ATL,2226
DAY,MIA,2225
BGR,EWR,2224
MYR,BDL,2223
HPN,MIA,2218
GSP,IAH,2217
CHS,IAH,2214
CHS,BHM,2212
OAK,TPE,2212
ATL,DPS,2211
EWN,ATL,2208
BWI,HSV,2205
JAN,IAH,2205
ILM,PHL,2202
YYC,JFK,2201
PLS,JFK,2201
LFT,ATL,2199
DFW,SDQ,2198
JFK,BHM,2196
DTW,LIT,2195
EWR,LIT,2194
SWF,MYR,2192
CAK,SRQ,2192
FLL,TYS,2191
ATL,STX,2189
SAP,HOU,2188
DXB,BWI,2184
LIT,EWR,2182
IAH,PNS,2176
ICT,LGA,2176
JFK,MEM,2175
ATL,FNT,2174
JFK,OUA,2172
BDL,SAV,2172
ORD,SHE,2170
IND,SMF,2169
HOU,ICN,2168
OMA,MSP,2168
LEX,PHL,2165
PHF,MCO,2164
DFW,MYR,2164
FLL,PEI,2162
DXB,DCA,2155
FAT,SAT,2152
BZN,LAS,2150
ATL,MDT,2150
EWR,TUL,2150
IND,SRQ,2148
BTV,MIA,2147
BOS,SJD,2147
LEX,LAS,2144
DFW,FWA,2143
CLE,NRT,2141
MCI,ECP,2141
AUS,SDF,2136
BUF,MYR,2136
MEX,DAL,2135
PIT,SRQ,2130
SJU,ROC,2126
IND,PBI,2125
PBI,MEX,2121
SLC,TUS,2121
TGU,DFW,2120
TLH,ATL,2119
CWA,DTW,2114
IAH,GSP,2114
PHF,LAS,2114
MKE,JFK,2112
DFW,STT,2111
ICT,IAH,2111
HKG,HOU,2109
OAK,PVG,2109
FLL,GSP,2109
BWI,LIT,2105
IAH,SDQ,2103
BWI,SVO,2100
ORD,JAC,2099
STL,KEF,2095
EWR,GEG,2093
RDU,OKC,2093
MGA,IAH,2091
LAX,CZM,2088
MIA,LGB,2087
BIS,BUF,2087
AEX,ATL,2085
KIN,BWI,2083
DCA,MGM,2083
BWI,MSN,2081
DTW,TYS,2079
TUL,IAD,2077
MIA,OAK,2075
LGA,CZM,2074
BGR,PHL,2073
CHA,LAS,2072
SWF,JAX,2072
SJC,IND,2071
BDL,ABQ,2067
HOU,MEM,2065
LGA,LIT,2059
PNS,LGA,2057
ILM,MCO,2056
ORD,LIH,2055
CLT,PNS,2055
LGA,SBN,2053
HNL,SAT,2051
LAX,STT,2050
CMH,HOU,2049
MSN,SEA,2048
RIC,PBI,2048
DFW,PVD,2047
RDU,RSW,2046
PBI,MSY,2044
SBN,LAS,2043
GEG,MSP,2041
ORD,GCM,2039
EWR,TAO,2037
BZE,JFK,2036
HKG,DEN,2032
ORD,KIN,2032
CVG,MCI,2031
OMA,JFK,2029
MIA,MKE,2029
EWR,VPS,2029
SLC,OKC,2028
DEN,SRQ,2023
CLE,MEM,2023
AUS,PBI,2022
MEX,HND,2020
AVL,LAS,2017
ORF,MSP,2013
JFK,GSO,2012
BWI,PWM,2011
PHL,STT,2011
CHA,EWR,2009
MEM,RDU,2006
JFK,ELP,2005
LAX,FAI,2005
BJX,DFW,2004
HOU,IND,2002
IND,PNS,2000
GDL,MCO,1999
IAD,PNS,1998
HOU,TPE,1997
TYS,IAH,1996
MHT,ORD,1994
AVL,LGA,1991
HOU,PIT,1989
EWR,LEX,1987
CVG,OAK,1987
ABQ,SLC,1985
ATL,GSO,1985
RSW,PVD,1985
DAY,FLL,1982
LGA,TUL,1981
LGB,SYD,1980
BWI,VPS,1976
SMF,HOU,1974
BWI,LGB,1974
IAH,JAN,1970
MHT,EWR,1969
GSP,JFK,1969
MCO,TUS,1969
IAD,EYW,1968
CRW,IAH,1965
MSP,SDF,1965
BGR,LGA,1963
SMF,TUS,1963
LGB,PVG,1960
SWF,STL,1956
MLI,DTW,1956
GDL,LGA,1954
MEX,PBI,1954
ORD,VPS,1953
CLT,STT,1952
GEG,HNL,1951
MSP,OKC,1950
LAX,ILM,1948
MTY,LGA,1948
SBN,LGA,1947
PBI,BTR,1947
CHA,LGA,1946
JFK,GSP,1945
ILM,LAS,1944
JFK,CAE,1943
EWR,CZM,1943
OKC,RDU,1943
BOS,PNS,1943
ATL,ICT,1940
JFK,MKE,1939
LIT,SAN,1937
DTW,RIC,1933
IAH,ICT,1932
IAH,LEX,1932
UVF,MIA,1930
BOS,PVR,1926
ROC,PEK,1925
JFK,STX,1924
ROA,MCO,1923
IND,OAK,1921
DTW,LGB,1921
IAD,OGG,1921
BHM,TPA,1917
LGA,STX,1916
HOU,TUL,1916
DFW,MGM,1915
MKE,CUN,1913
OAK,BNA,1913
FAT,EWR,1913
DTW,PIT,1911
SJU,BUF,1909
TPA,GSO,1909
FAR,PHX,1908
DTW,TUL,1907
LEX,EWR,1906
HSV,IAH,1905
BOG,HOU,1905
EWR,CSX,1903
IND,SAV,1902
AUS,SJD,1902
NAS,ATL,1901
RSW,SWF,1900
YYZ,MSY,1895
BZN,ORD,1894
ORD,VER,1893
MCO,MYR,1892
HOU,SJO,1891
IND,VPS,1889
DAL,SLC,1888
OKC,SLC,1888
ORD,XIY,1888
BJX,MDW,1887
CLT,OAK,1886
IAD,SRQ,1882
SFO,VKO,1881
IAH,OGG,1879
ATL,SAW,1879
DAL,MSP,1878
ORD,LAN,1877
LGA,MTY,1874
MDT,MIA,1873
DEN,ILM,1871
GSO,JFK,1871
SHV,MCO,1871
MSY,PBI,1871
AVP,LAS,1868
EWR,FAY,1867
OMA,RSW,1866
MSP,LGB,1865
SDQ,ORD,1863
HOU,DXB,1861
BWI,UIO,1861
CLT,BOG,1860
GSO,MSY,1860
FAT,IAH,1858
ROA,LAS,1856
ILM,LAX,1855
DCA,MSN,1850
CVG,SAV,1850
GRR,MSY,1848
FNT,RSW,1845
MDT,FLL,1843
CMH,SAV,1838
PBI,SJU,1836
TYS,FLL,1835
IAH,XNA,1834
ORD,MHT,1831
MSO,LAS,1830
CVG,SRQ,1829
TPA,STT,1827
SLC,SAL,1826
DTW,IND,1826
CAE,MCO,1825
GJT,LAS,1824
YTZ,DEL,1822
DFW,FNT,1821
IAD,MYR,1820
MCI,PNS,1820
PNS,IAH,1816
FWA,MCO,1813
BUR,HOU,1813
HOU,SJD,1811
MDT,PHX,1810
IAH,GCM,1807
SEA,MSN,1806
BDL,ILM,1805
BHM,FLL,1804
CPT,JFK,1804
ATL,PHF,1803
DCA,LGB,1802
YYC,LGA,1800
RSW,RDU,1799
SWF,CHS,1797
COS,IAD,1796
HSV,LGA,1795
SDF,SAT,1795
XNA,IAH,1794
DFW,FAY,1793
JFK,OKC,1793
LGA,JAC,1792
TYS,MIA,1791
DTW,MKE,1790
MSP,OMA,1789
ATL,BZE,1789
FSD,MCO,1789
SBN,MCO,1787
ELP,JFK,1786
AEP,LAX,1785
DFW,ECP,1784
BTR,LGA,1783
LEX,LGA,1781
BNA,SAV,1780
MSP,BIS,1779
FAY,LGA,1777
BUF,SRQ,1775
MCO,LEX,1774
GPT,LAS,1772
HOU,SLP,1772
TUS,SLC,1772
TLH,LGA,1770
SAV,FLL,1770
IAH,VPS,1770
LGB,IAH,1766
DTW,GSO,1763
IAD,KIN,1760
IAH,FAT,1760
TUL,MSP,1758
STL,SWF,1755
MEM,IAD,1754
ORF,PBI,1754
LGB,SAT,1753
MCO,SJD,1753
LEX,FLL,1751
SYR,MSP,1750
SWF,SAV,1750
DFW,GCM,1749
HOU,PBI,1747
BOI,MSP,1747
MSP,SYR,1747
JAX,HOU,1746
EWR,GND,1745
YYZ,GMP,1745
TPA,PUJ,1745
PHF,LAX,1743
ATL,MYR,1743
LGB,BWI,1741
JAN,LGA,1740
CID,LGA,1739
DFW,HPN,1739
OKC,MSP,1739
STT,JFK,1739
CAE,JFK,1738
PHX,SAV,1737
CAE,MIA,1737
KIN,BDL,1735
KMG,JFK,1735
BUF,MSP,1735
PHL,FWA,1734
TGU,ORD,1733
TUS,MIA,1732
TUL,SLC,1732
IAH,MOB,1731
CHS,SJU,1729
JNB,IAD,1728
ORF,HOU,1726
PBI,IND,1726
MDW,ZCL,1726
SFO,CZM,1725
FAY,LAX,1724
LAX,FAY,1721
EWR,YEG,1719
MDW,LAX,1718
HOU,JAX,1718
EWR,CHA,1717
RDU,OAK,1716
ORD,FOC,1715
SDF,MSP,1715
SXM,JFK,1714
LGA,GND,1712
EWR,FAT,1712
IAH,CZM,1711
EWR,MOB,1709
ATL,JAC,1709
DAB,JFK,1708
MEM,HNL,1708
MYR,TPA,1707
ORF,PNS,1706
TYS,IAD,1705
MYR,SWF,1704
MSP,TUL,1702
CMH,SRQ,1702
DAY,SAT,1701
LGA,PEI,1700
DTW,PVD,1699
DCA,CZM,1699
DFW,EYW,1698
RDU,SDQ,1695
BWI,ILM,1686
OAK,IND,1685
IAH,HSV,1684
COS,LGA,1682
SAN,DPS,1680
ORD,TLH,1678
HOU,ABQ,1676
JFK,OMA,1674
LGA,HSV,1674
MTY,HOU,1673
IAD,LGB,1673
MIA,BUF,1672
CLT,LEX,1672
PHX,MBJ,1670
JFK,TNA,1668
EWR,JAC,1668
MCI,SAV,1668
ALB,MSP,1667
ORD,GPT,1667
ATL,SAV,1666
EWR,JAN,1666
OAK,STL,1666
DFW,ACC,1665
CVG,MEM,1665
SJC,SJO,1663
DFW,MDT,1661
MDT,SFO,1661
FWA,PHL,1658
IAH,STT,1656
BWI,CZM,1655
MSP,KOA,1655
SLC,DAL,1654
IAH,PSP,1654
TPA,TUL,1653
LGA,ICT,1649
CMH,OAK,1648
PLS,EWR,1648
PBI,CUN,1647
STL,VPS,1647
BDL,HOU,1646
LGA,LEX,1643
MSN,MIA,1641
BDA,MIA,1640
STL,OGG,1639
SYR,IAH,1638
SLC,CPR,1638
MSY,PUJ,1637
MIA,YTZ,1636
BDL,SJC,1636
ATL,UVF,1636
EUG,SLC,1635
AVL,TPA,1634
ORF,SLC,1630
PHL,OGG,1629
GNV,LGA,1624
ORD,EBB,1624
HOU,SMF,1623
MBJ,DCA,1622
TLH,ORD,1622
SEA,MBJ,1621
SNA,HND,1621
SAV,PHX,1620
OMA,HOU,1620
LGA,JAN,1620
PVD,IAH,1615
BRU,SFO,1611
PWM,IAD,1610
MLM,ORD,1609
OAK,PIT,1609
AUS,SAV,1608
SFO,MTY,1608
HOU,ORF,1602
LAX,OAJ,1599
PNS,IAD,1599
HOU,MBJ,1597
MYR,DCA,1597
MSP,TYS,1596
DTW,OMA,1593
RNO,IAH,1593
DAL,MIA,1593
BMI,MCO,1592
STL,OAK,1592
PNS,EWR,1592
AUS,TYS,1591
JFK,AVL,1591
DTW,SDF,1590
GTF,LAS,1589
JFK,FAT,1589
CAK,MSY,1589
MCO,JAN,1588
LGA,MLB,1588
LGA,VPS,1588
STL,SAV,1587
YHZ,LGA,1586
AVP,LAX,1585
RSW,SAT,1582
MKE,HOU,1582
GSO,MSP,1581
ATL,MHT,1578
TUS,STL,1578
BWI,GCM,1577
BNA,PBI,1572
BWI,OGG,1571
TUS,FLL,1570
PBI,RIC,1569
IAD,GCM,1568
YYZ,HOU,1567
STL,MBJ,1567
BOS,SXM,1567
ORF,RSW,1566
SJU,ORF,1565
MBJ,IAD,1563
MEM,MCI,1563
SDF,RSW,1560
UIO,IAH,1559
DCA,BGR,1556
RDU,STT,1556
SNA,TUL,1554
TLH,LAS,1552
MDT,YYZ,1551
FPO,MIA,1550
ATL,KUL,1548
TPA,GSP,1547
SAV,PIT,1546
BDL,HNL,1546
DEN,STT,1544
EWR,OUA,1543
ATL,JAN,1543
LGA,WUH,1543
FAY,MCO,1543
TUL,HNL,1541
SAP,ORD,1541
SAT,SDF,1541
CLT,TYS,1539
DAB,LAS,1537
ABQ,OAK,1537
BWI,PAP,1536
PHL,VPS,1536
FAR,MCO,1535
TPA,ILM,1535
MCI,MEM,1533
DAY,SRQ,1533
DCA,PAP,1532
CMH,VPS,1532
AGS,LAS,1531
HSV,TPA,1531
PHX,XNA,1530
PHF,ORD,1527
HOU,COS,1526
BGR,MCO,1526
JFK,VPS,1525
LGA,GNV,1524
COS,SMF,1523
LGB,IAD,1522
FLL,LEX,1522
DFW,ROA,1521
CAK,PBI,1520
MSP,GYE,1519
OAK,RDU,1518
DTW,STT,1517
TUL,SNA,1516
DFW,MHT,1515
MCI,MYR,1511
DAL,BOM,1510
BNA,OAK,1510
CID,FLL,1510
IAH,AUA,1505
MBJ,DFW,1501
RIC,MBJ,1501
DFW,ILM,1500
MGM,LAS,1500
MKE,SRQ,1499
SIN,ORD,1498
BUF,SAV,1495
FAT,TUS,1494
PHF,TPA,1493
DSM,HNL,1493
ILM,PHX,1492
EWR,OAX,1491
FWA,LGA,1491
GMP,LGA,1490
OMA,JAX,1490
HOU,YYC,1489
DTW,ILM,1489
EWR,MLB,1488
HOU,CVG,1488
BDL,PUJ,1486
CHO,LAS,1484
ORD,TVC,1484
ILM,FLL,1483
SJU,PBI,1483
ILM,MIA,1483
MSP,ROC,1482
ROC,MSP,1482
DAL,MSY,1481
HNL,MSP,1481
LGA,MOB,1481
SHA,MCO,1481
RAP,LAS,1478
SGF,SAN,1473
CAE,MSY,1472
KOA,NRT,1472
UIO,DCA,1472
EWR,COS,1471
OMA,IAD,1471
DFW,CTG,1471
OMA,TUS,1468
PBI,HOU,1465
CHS,SWF,1464
CHA,PHL,1464
ORD,MZT,1463
LUK,CLT,1462
CID,TPA,1462
SAV,SAT,1462
ROC,IAH,1462
TGU,DCA,1459
EWR,BGY,1459
ALB,IAH,1458
DFW,AUA,1458
BOI,EWR,1457
OMA,IND,1454
BNA,EYW,1454
IAD,OMA,1452
LGB,DCA,1451
CLT,LUK,1451
BTV,MSP,1450
AUS,GRU,1448
ORD,SCE,1446
OKC,VPS,1445
TUL,RDU,1443
LGA,SDU,1442
TYS,JFK,1441
MBJ,IAH,1440
MCI,PBI,1439
ILM,TPA,1439
SEA,MZT,1438
CAK,SAV,1436
FAT,TPA,1434
BWI,OMA,1433
IND,EYW,1432
ROA,TPA,1431
ORD,YHZ,1431
CAE,FLL,1429
HSV,FLL,1427
ORD,ZIH,1427
HOU,QRO,1427
IAH,DSM,1427
CLT,SJD,1426
IND,MBJ,1425
CLE,MBJ,1424
PVG,YOW,1422
TRI,MCO,1422
GSO,IAH,1421
BHM,RDU,1420
PBI,SAT,1418
CLT,GNV,1417
PEI,EWR,1416
MDT,RSW,1413
SFO,MID,1413
ILM,MSY,1411
BHM,JAX,1411
STL,FAT,1411
BDL,PNS,1409
MHT,LGA,1408
FWA,FLL,1407
KMG,EWR,1406
ABQ,HOU,1404
SAT,PBI,1403
SGN,LGA,1403
MOB,LGA,1402
ATL,ROA,1400
SAV,STL,1398
GSO,JAX,1397
EZE,ORD,1397
IAH,PVD,1394
LGA,MHT,1391
MLI,LGA,1391
BNA,TUL,1391
ATL,XNA,1389
BHM,HOU,1389
ORD,TAO,1388
CHA,MIA,1388
BWI,TGU,1388
ORD,CSX,1388
ILM,SAN,1387
CHA,PHX,1387
BUR,DPS,1386
MKE,SAV,1386
SLC,PSP,1385
MYR,MIA,1385
TYS,MEM,1385
BTR,ORD,1380
EWR,STX,1379
JFK,TYS,1379
JNB,LGA,1378
SNA,XNA,1378
HNL,DTW,1376
HOU,BUR,1376
PNS,STL,1376
IND,PUJ,1375
ATL,GPT,1375
MCI,OGG,1373
HSV,PHL,1371
SWF,STI,1370
CVG,MKE,1370
ORD,UVF,1369
PDX,DPS,1367
IND,SJD,1367
BOS,JAC,1366
GPT,ORD,1366
FLL,SAV,1363
HOU,PTY,1362
ILM,PIT,1362
CPR,LAS,1359
JFK,YEG,1359
RSW,SDF,1358
PIT,PUJ,1358
MCI,GSO,1356
MHT,LAX,1356
CVG,STL,1354
FNT,LGA,1352
HOU,MKE,1351
SJC,PBI,1351
ATL,FAY,1350
EZE,HND,1350
HOU,BZE,1348
PVG,YYC,1347
CMH,EYW,1347
RDU,PNS,1347
SWF,MCI,1347
PIT,OAK,1347
ATL,PNS,1346
COS,SJC,1346
CEB,EWR,1344
ORD,PLS,1342
ATL,SKB,1341
AUS,PUJ,1341
PHL,HSV,1340
CAE,TPA,1339
TPE,BOS,1339
DTW,MHT,1337
PHX,NAS,1336
IND,ILM,1335
MDT,PBI,1334
MEM,SAV,1334
RDU,EYW,1334
PBI,SDF,1334
SEA,SRQ,1333
MLI,SAN,1331
ROC,MYR,1331
MCO,UVF,1330
MSP,EYW,1329
PHL,GNV,1329
GSO,MEM,1328
AUS,XNA,1328
TRI,LAS,1328
BRU,BWI,1327
ATL,MSN,1327
PHF,PHX,1327
STL,STT,1327
PHF,MSY,1326
SBN,TPA,1326
SAN,OAJ,1325
ORD,SXM,1324
DTW,HSV,1323
TUS,OMA,1321
BMI,PHX,1321
CMH,OKC,1321
FAY,EWR,1320
AGS,ORD,1320
SDF,JFK,1319
PHL,STX,1319
PVD,MBJ,1317
PWM,MIA,1316
TLH,PHL,1315
XNA,SAT,1314
JAN,MIA,1313
ILM,SFO,1313
IAH,LGB,1313
LEX,SAN,1312
MGM,MCO,1312
PIA,LGA,1311
MDT,IAH,1311
SGF,FLL,1311
CAE,PHX,1310
GPT,LGA,1310
IAH,DME,1310
BUF,ILM,1309
IAH,GSO,1309
MCI,VPS,1309
MSP,UIO,1308
FAY,PHX,1308
LGA,LIN,1307
GJT,SAN,1305
CAE,STL,1305
SNA,SDF,1304
IAD,TUL,1304
CID,SAT,1303
TLV,SJO,1303
BZE,EWR,1302
JFK,SDF,1302
SBN,PHX,1302
STL,PUJ,1301
CLT,MGM,1300
LGB,STL,1299
BHM,IAD,1299
RDU,DAL,1299
RNO,PVR,1297
XNA,TPA,1297
MDE,ORD,1296
ORD,PAP,1295
PHL,SBN,1294
CLT,OGG,1293
ORD,RAP,1293
ATL,SGF,1292
ATL,CCS,1292
SHV,LGA,1292
FAR,LGA,1292
KBP,IAD,1291
ALB,SRQ,1291
SZX,ORD,1291
LEX,MSY,1290
MCI,MBJ,1290
JFK,ADB,1289
PHF,SAN,1289
BNA,PEK,1289
LGA,NKG,1288
DAY,VPS,1285
CMH,ACC,1284
HOU,PVR,1283
BNA,VPS,1283
BOS,TLH,1283
CAE,SAT,1281
DFW,SRQ,1281
FLL,RNO,1280
XNA,JFK,1280
CRW,LGA,1279
GSO,MCI,1279
DTW,BZE,1277
DCA,SXM,1276
IAD,WUH,1275
MSN,IAH,1274
RIC,SWF,1273
ELM,MCO,1273
ORD,AEP,1269
PVD,PUJ,1269
DCA,LEX,1269
EWR,FPO,1269
PHL,MOB,1267
TPA,GPT,1267
DTW,MSN,1266
PDX,MZT,1266
BDL,TUS,1266
GSO,PBI,1265
CMH,MBJ,1265
IND,LGB,1265
GEG,IAH,1263
STL,SRQ,1262
IAD,SXM,1262
CVG,GSP,1261
COS,OMA,1261
LGB,MSP,1261
OMA,PSP,1260
PHF,FLL,1259
AVL,MSY,1258
DFW,MID,1257
PHF,SEA,1256
XNA,FLL,1254
RDU,TYS,1253
DSM,JFK,1252
PIA,TPA,1251
MEM,RSW,1251
LEX,RDU,1251
ATL,GCM,1250
OMA,FAT,1250
SAT,OAK,1249
GSO,SAT,1248
BOS,PEI,1246
SJC,SWF,1245
DFW,FSD,1244
MCI,SWF,1244
MNL,HOU,1243
GRR,PBI,1241
RDU,JAN,1240
TGU,ATL,1240
ICT,MSP,1238
TYS,BWI,1235
PSP,SLC,1235
LSE,LAS,1232
RSW,MEM,1231
XNA,SNA,1231
DFW,RAP,1230
BOS,VPS,1230
HOU,RSW,1230
JAN,FLL,1229
RST,PHX,1229
DCA,TUL,1227
PHL,GPT,1226
CVG,GSO,1226
CPT,EWR,1225
ATL,LEX,1225
MKE,MYR,1224
MLI,IAH,1223
GNV,PHL,1221
MSN,PIT,1221
FAY,SAT,1220
HPN,MSY,1220
FAR,RSW,1220
SMF,DAL,1219
MCI,SRQ,1218
BDL,MSN,1218
CLT,VPS,1218
BWI,TUL,1218
PHL,MLB,1218
JFK,PNS,1216
DTW,SDQ,1216
TYS,MSP,1215
ATL,MLB,1215
CRW,MIA,1214
SYR,RIC,1214
HOU,PUJ,1213
DFW,MSO,1213
AVL,JFK,1212
OAK,CMH,1211
DAY,PNS,1210
DAY,SAV,1210
ORD,MLB,1209
LEX,SAT,1209
DTW,XNA,1209
GCM,LGA,1209
SWF,RIC,1209
SWF,GSO,1209
MIA,DAL,1207
JFK,BOI,1207
PHF,SAT,1207
EWR,DLC,1206
LEX,RSW,1204
BMI,DFW,1204
MCO,CHA,1204
ABE,MYR,1203
JAX,GSO,1203
BRU,DCA,1202
RIC,SRQ,1202
DSM,HOU,1202
DCA,GCM,1201
MHT,MIA,1200
SWF,BHM,1199
EWN,MCO,1198
ABE,IAH,1198
RIC,EYW,1197
DAY,MKE,1195
LGB,DTW,1194
IAH,EYW,1194
MSN,JAX,1193
PBI,MEM,1191
OAK,TUS,1191
MKE,PBI,1190
GPT,MCO,1190
OMA,PBI,1188
DAL,GDL,1187
HOU,SIN,1186
HOU,NAS,1185
MSP,ICT,1184
PBI,MKE,1183
HKG,IAH,1183
CHO,MIA,1182
MSP,XNA,1182
BOI,JFK,1182
LIT,HOU,1182
AUS,MBJ,1181
ERI,MCO,1181
SJC,MZT,1180
STT,EWR,1180
BNA,MYR,1180
BOS,MLB,1180
MCI,LIT,1178
LIM,RDU,1177
BZE,IAH,1175
SCL,ORD,1175
SAV,IAH,1175
CHA,IAD,1174
CLE,SDF,1174
GSO,SDF,1173
IAH,TLC,1172
BMI,LAX,1169
CHA,IAH,1168
BZE,LGA,1167
DAL,SMF,1167
TUL,BWI,1166
STL,EYW,1166
MOT,LAS,1164
CHO,FLL,1164
SLC,GSP,1164
JAN,RDU,1162
FAY,TPA,1161
FSD,IND,1160
DFW,LIR,1160
RSW,HOU,1160
KIN,ORD,1159
GRR,JFK,1158
HOU,MLM,1157
SEA,SDQ,1157
BZE,ORD,1157
SDF,PIT,1156
SBN,PHL,1156
GJT,MCO,1155
UIO,ATL,1154
RIC,SYR,1154
GNV,SFO,1152
GNV,LAS,1151
BOS,GNV,1150
MKE,PNS,1150
YEG,LGA,1150
PBI,MBJ,1149
CHA,FLL,1147
DFW,TRI,1145
TPA,ABE,1145
LGA,BAQ,1142
PIT,MOB,1142
FWA,RSW,1141
SIN,SEA,1141
FSD,IAH,1139
ICT,HOU,1138
FNT,IAH,1135
JAN,SFB,1135
ILM,SAT,1134
BTR,PHL,1133
TPA,FAY,1132
PBI,SJC,1132
ICN,SAN,1131
ABQ,BUR,1130
CLE,HND,1130
ROC,SRQ,1129
MEM,PBI,1129
YWG,LGA,1129
CHA,LAX,1129
IAD,CHA,1126
TRI,ORD,1125
ICN,IAH,1125
BUF,MBJ,1125
DCA,ILM,1125
DFW,PLS,1124
OAK,MKE,1124
BIL,MSP,1124
ATL,ILM,1123
PEK,OAK,1123
SJC,TLV,1123
CID,IAH,1122
ORD,TRI,1122
OMA,SDF,1121
PNS,RDU,1121
YVR,IAD,1120
HOU,BHM,1118
PNS,JFK,1116
SFO,AUA,1116
LIT,JFK,1113
SDF,HOU,1113
HOU,SDF,1111
FWA,IAH,1111
KIN,DCA,1110
PSC,SLC,1108
SXM,EWR,1108
DAL,DTW,1107
PHL,TRI,1107
CID,TUS,1106
PIT,SYR,1105
BLI,SNA,1105
DTW,DAL,1104
GSO,SWF,1102
SAV,SWF,1100
DAY,MSP,1100
DSM,PEK,1100
HOU,MDE,1099
SWF,MKE,1098
YVR,BWI,1096
ICT,JFK,1094
MDT,MYR,1094
SLU,JFK,1094
BNA,PUJ,1093
FAI,LAX,1092
EWR,ICT,1091
TPA,MYR,1091
SYR,SRQ,1091
MSP,LAN,1091
MDE,IAD,1090
YHM,DEL,1090
CAE,MEM,1090
MCI,KEF,1090
DTW,ROC,1089
DTW,MDT,1089
BWI,MGM,1089
IAH,KIN,1088
BWI,SXM,1088
SFO,KIN,1088
MDT,SRQ,1087
EWR,ROA,1086
DSM,OGG,1086
TLH,EWR,1085
DFW,PIA,1084
CLE,MDT,1081
CAK,CUN,1081
SLC,SWF,1080
MDW,DGO,1080
ORD,MSO,1079
IAH,MYR,1079
RDU,SRQ,1078
MLI,TPA,1076
SWF,HOU,1076
OAK,MEM,1076
DAL,RDU,1076
PIT,GPT,1076
BTV,STL,1075
CHO,RSW,1075
IAH,JAC,1073
RAP,MCO,1071
ILM,RSW,1071
LGB,SJD,1070
PHF,IAH,1070
RIC,PUJ,1069
ABQ,ONT,1068
HOU,SDQ,1067
DFW,BNE,1066
PHL,CTG,1064
BGR,RDU,1064
MKE,SWF,1063
LGB,CLT,1061
MBS,PHX,1061
JFK,FPO,1061
CHA,MSY,1059
IND,GNV,1059
HOU,BDL,1057
RST,MCO,1057
UIO,BWI,1056
TYS,PBI,1054
PHX,RST,1053
CMH,MSN,1053
MCI,PUJ,1053
IAH,ROA,1052
HOU,LIT,1052
CHS,RSW,1050
GRR,HOU,1050
MEM,MBJ,1049
AVP,RSW,1049
JFK,GEG,1049
DAB,LGA,1049
SWF,AUA,1048
JFK,ILM,1047
TRI,PHX,1047
LGA,FAY,1043
GTF,PHX,1041
DAY,MSN,1041
SMF,SJO,1041
CMH,MKE,1040
BWI,GNV,1040
BOG,DEN,1040
ROA,SAT,1039
MTY,ATL,1038
CRW,MSY,1037
CHO,SAT,1035
FAT,LGA,1034
ATL,MLI,1034
TRI,LGA,1034
JAN,HOU,1033
LAN,MSP,1032
SAT,MBJ,1031
JAN,TPA,1030
SAT,SWF,1029
SWF,SAT,1029
MEM,OAK,1029
MKE,PUJ,1026
GCM,EWR,1026
SDQ,SWF,1025
GRB,RSW,1024
BNA,JAC,1024
ERI,TPA,1024
PLS,LGA,1023
DFW,CLO,1023
HOU,OMA,1020
BNA,HPN,1018
CID,ATL,1018
SWF,FCO,1018
MLU,MCO,1017
BIS,ORD,1015
LGW,UVF,1015
HOU,MGA,1014
JFK,CZM,1014
CAK,HOU,1011
CMH,XNA,1010
ORD,CUZ,1009
SAL,DAL,1009
SWF,MEM,1009
ORD,BDA,1008
SWF,CAE,1007
RST,LAS,1007
IAH,STX,1007
BHM,PBI,1006
MOB,ORD,1006
YVR,DCA,1006
PIT,STT,1006
SMF,PBI,1006
TLH,SAT,1005
JFK,YOW,1005
TUL,JFK,1003
HRB,JFK,1002
BNA,GSO,1002
GSO,RSW,1001
DFW,PWM,1000
MSP,SBN,996
OMA,MBJ,995
RDU,MGM,995
TUS,OAK,995
TPA,CHA,994
JFK,GRR,994
ORD,DLC,994
PEK,YEG,993
NRT,HOU,988
MKE,OAK,988
LIT,DTW,988
MSP,RAP,988
ALB,MBJ,988
BDL,SDQ,988
SFO,SXM,987
HOU,PNS,987
MEM,PUJ,987
DTW,SYR,987
IAH,ACC,986
RST,JAX,984
ATL,ECP,983
IAD,LIT,982
EVV,RSW,982
AVL,IAH,981
SWF,SJC,980
JFK,BZN,980
DCA,OGG,980
DLC,YVR,979
ELM,TPA,977
PVD,SDQ,977
IND,DAL,976
LGB,MSY,975
TRI,MIA,974
EWR,CHO,973
SJU,YYZ,971
MKE,SDF,971
FSD,RSW,969
YEG,EWR,965
CHS,PBI,963
PEK,YOW,963
CLE,PNS,963
ROA,EWR,962
IND,MTY,962
JNB,ORD,961
SEA,MLI,958
NAS,ORD,958
LGA,XIY,956
PBI,GSO,956
HOU,CHS,955
ROC,MBJ,955
EWR,HSV,954
HOU,AMM,954
MLI,RDU,954
JFK,DSM,952
HOU,MUC,951
GEG,JFK,951
ORD,ECP,951
JFK,MLB,950
HOU,TLV,950
HOU,DSM,947
BOS,BJX,946
LAX,CHA,945
TRI,MSY,945
DAL,YYZ,945
HOU,LGB,943
PIA,MSP,941
PIT,NAS,941
BNA,NAS,940
DFW,KIN,939
LEX,JFK,935
HOU,TUS,933
PDX,SWF,932
BNA,ECP,932
FLL,BZE,929
OAK,SWF,929
LGA,FPO,928
SJC,ZIH,927
CID,EWR,927
AVL,BWI,927
ITH,MIA,924
HKG,SAN,923
BOI,LGA,923
SLC,RAP,922
BWI,CHA,918
DAL,ABQ,918
MDW,QRO,918
ELM,LAS,917
SDF,MKE,917
TGU,BWI,916
RDU,GPT,916
FSD,SJD,916
CHO,EWR,916
DAY,JFK,915
EWR,GNV,914
HNL,FAR,914
SJC,SJU,910
JFK,XNA,910
GRB,FLL,908
BZN,EWR,908
DAL,SIN,907
SMF,MLM,904
CAK,MBJ,902
DAB,ORD,902
PSC,MCO,901
IAD,MLB,900
AGS,MSY,899
TUS,HOU,899
MBJ,PBI,898
BDL,MLB,898
IAD,ILM,897
LGB,BOI,896
YWG,EWR,896
MEM,SWF,896
DTW,LEX,894
MSN,JFK,893
DFW,EUG,891
TLH,JFK,890
MSN,MSP,890
PHF,MIA,890
BHM,GSO,889
JFK,FAY,887
ERI,LGA,886
SDF,PUJ,886
CID,PBI,886
UVF,LGA,885
LIT,IAD,884
MCI,NAS,884
DCA,MLB,882
HOU,JAN,881
CLE,DAL,881
ATL,FPO,881
GNV,EWR,880
SAV,BNA,879
DTW,CLE,877
CHA,JFK,876
EWR,BTR,876
DFW,AVL,876
OMA,SGN,874
BUF,VPS,874
GNV,RDU,874
HOU,TYS,873
IND,MLB,873
BWI,DME,870
ORD,FPO,870
AGS,MCO,869
TTN,PBI,869
CLT,FPO,869
ILM,JFK,868
DTW,MLB,868
MIA,RNO,868
GRR,MBJ,868
OKC,YYC,868
UVF,EWR,867
OAK,SIN,867
LAX,DAB,867
KOA,HND,866
OAK,GUA,865
JFK,LIT,865
MKE,NAS,865
ATL,VPS,864
HNL,HOU,864
TUS,PEK,863
EWR,AGS,863
SAT,LGB,862
SLC,SGU,861
COS,EWR,859
IAH,KOA,858
MDE,BWI,858
CHO,PBI,858
STL,LGB,857
MDE,DCA,856
GSP,HOU,856
SGN,ONT,855
BDL,SJO,855
STL,LIM,851
DCA,AVL,849
SAT,NAS,849
DXB,HOU,849
MCI,LGB,848
MYR,BNA,846
MSP,MSN,846
RAP,ORD,844
CGQ,JFK,844
SMF,BDL,843
CHA,BWI,843
BMI,SAT,842
JFK,MSN,842
TPE,IAH,841
STI,SWF,841
CHS,HOU,840
RDU,STI,838
FAY,JFK,837
DCA,GMP,836
ORD,FCA,835
ICT,STL,834
DAB,BOS,833
SWF,TYS,832
MYR,IAD,832
LGB,HOU,831
SYR,MBJ,830
DAB,LAX,830
BNA,GCM,830
BMI,MIA,830
SWF,GSP,829
CAK,DAB,828
ORD,BIL,823
JFK,FAI,822
SJO,HOU,821
CLE,SDQ,820
COS,SLC,820
MLB,EWR,819
HNL,MCI,818
SHE,ORD,816
MSY,LGB,816
ILM,IAD,816
IAH,SGF,816
ONT,ORF,815
GEG,LGA,814
ICN,HOU,813
DFW,BMI,813
MIA,YHM,811
BMI,TPA,811
EWR,TVC,810
SWF,BDA,809
ORD,FAI,809
CHA,TPA,808
PNS,HOU,807
PBI,SDQ,807
BIS,MSP,805
BTR,EWR,804
DAL,SAL,803
DFW,SXM,802
CLE,ILM,801
IND,CZM,801
DAB,BWI,800
DSM,CZM,800
SCE,PVG,799
HOU,SWF,798
BTR,JFK,798
HOU,ICT,797
GPT,TPA,797
EUG,EWR,797
SWF,OMA,796
DAY,MBJ,795
YUL,DTW,793
YEG,JFK,793
HPN,RDU,793
LGA,BOI,792
LGB,MCI,791
DAL,IND,790
HOU,GRR,790
RAP,MSP,789
AGS,SAT,787
MIA,EIS,787
BUR,PBI,786
FAY,MIA,785
IAH,FPO,785
TPA,SAV,783
BWI,LEX,782
YYZ,OAK,782
SMF,MBJ,781
CAE,SWF,781
HOU,SAV,780
LGA,FAT,780
JFK,LEX,780
EWR,FAI,777
CLE,VPS,777
LGA,GEG,776
JFK,CHA,776
SGF,EWR,775
AGS,IAH,774
PBI,AVL,773
ORD,PUS,773
MLB,LGA,773
DAL,RNO,773
JAN,EWR,772
EWR,OAJ,771
SJU,SAV,771
FNT,MIA,771
AGS,MCI,771
LGB,ABQ,770
BIL,SLC,770
PIT,ILM,770
DAY,HOU,770
YHZ,MNL,769
ECP,DFW,769
HRB,EWR,769
AGS,EWR,768
IAD,AVL,766
TPA,CAE,766
GSP,SWF,765
IND,PAP,765
OAK,OKC,764
CLT,DAL,763
ORD,EUG,761
ONT,HND,759
FAY,FLL,759
LGA,CSX,758
AGS,STL,758
CUN,PBI,758
GRB,SLC,758
YUL,ICN,757
PIT,MLB,755
CMH,DTW,754
AGS,LGA,752
IAH,ECP,752
FLL,CAE,751
SBN,MSP,751
PBI,PAP,751
SDQ,DFW,750
JFK,DAY,750
BWI,MLB,749
CAE,HOU,748
SYR,PUJ,746
OMA,CZM,745
ATL,TYS,745
BUF,MLB,744
GNV,JFK,744
VPS,DCA,743
MDE,DFW,743
STT,LGA,743
EWR,FCA,742
OKC,OAK,742
HFE,JFK,740
SFO,VER,739
SWF,SDF,736
JFK,TUL,736
EWR,BIL,735
DEN,CHA,735
CMH,SHV,735
ORD,BIS,733
ATL,TLH,733
PWM,SRQ,733
GRR,SRQ,732
OMA,BUR,732
KIN,IAD,730
LSE,MCO,728
HOU,DAY,728
BHM,MBJ,727
BWI,BGR,726
AGS,JFK,726
DTW,MGM,726
HSV,MIA,724
VPS,MCO,724
HSV,JFK,724
ORF,NAS,723
BMI,JAX,722
ECP,SAT,722
CMH,LFT,722
ONT,DPS,721
MSP,MLI,721
STL,ICT,720
MLB,JFK,719
VPS,EWR,718
FAT,HOU,718
JFK,AGS,717
IAH,LIH,717
JFK,BTR,716
JFK,ICT,716
FLL,PVR,715
JFK,COS,714
BHM,MSY,713
CMH,DAL,713
ZRH,LAS,712
LAX,PHF,712
CLT,ECP,712
GMP,ATL,711
BDL,ONT,711
OAJ,LAX,711
NAS,DFW,708
LGA,ELH,708
DSM,MBJ,707
CAK,JFK,707
BDL,OAK,706
JAN,NAS,705
SGF,IAH,705
RDU,KIN,703
BGR,JFK,703
EWR,RAP,703
PNS,MNL,703
PEK,YHZ,699
PIT,GCM,699
OAK,BDL,699
LEX,MBJ,697
EWR,MSO,697
CMH,STT,696
IAD,TAO,695
SJC,DPS,695
SEA,JAC,695
MSO,SNA,694
SBN,FLL,694
GRK,EWR,693
TSA,SEA,692
HOU,FAT,691
JFK,SBN,690
TPA,DAL,688
HPN,MYR,688
IAD,CZM,687
DAL,BNA,687
HOU,VPS,685
LGA,GPT,685
EWR,GPT,685
JAX,TYS,683
ORD,CUU,682
FNT,SRQ,681
JFK,CAK,681
ORF,FCO,680
SWF,ILM,680
ORD,FAY,680
CAK,EYW,680
SLC,ORF,680
CLE,DTW,678
LGA,OAX,678
TYS,HOU,677
DAY,MLB,677
FNT,EWR,677
HOU,TGU,676
PEI,LGA,675
OMA,OAK,675
TGU,HOU,673
MLI,FLL,673
MOB,ATL,672
ORD,DAD,672
DAL,TPA,672
XNA,HOU,671
BZN,LGA,670
DCA,BZN,670
OAK,PBI,670
JAN,JFK,670
YYZ,SXM,669
GDL,DAL,669
CAE,ATL,668
EWR,VER,668
EWR,TNA,667
BOI,LGB,666
IAD,VPS,666
FWA,EWR,666
LGB,BNA,666
GRR,SJD,665
FSD,ATL,664
JFK,VER,664
DEN,BMI,662
SDQ,RDU,661
BMI,RSW,661
IAD,OAX,661
JFK,TNR,661
HOU,CAE,658
FAY,ORD,657
GRK,LGA,657
MCO,VPS,656
PBI,MCI,655
OMA,NAS,655
BOS,FAI,654
PTY,HOU,654
AUS,CAE,654
DAL,CLT,653
PIT,LGB,653
ELM,PHX,653
ERI,RSW,653
NAS,SWF,652
LAN,LGA,651
SJO,PBI,651
JFK,GNV,650
DTW,UIO,649
DAB,BDL,649
SWF,PVG,649
TPA,HSV,648
RDU,DAB,647
SYR,DAB,645
DAL,CMH,644
LGA,GRK,642
FAT,DAL,641
IAD,CUZ,640
GSO,HOU,639
MCO,SAV,639
YHM,PHX,638
SBN,JFK,638
DAL,STL,637
DAY,AUA,637
HOU,UIO,637
DEN,DAB,636
JFK,MHT,636
PNS,RSW,634
IAD,LEX,634
ABQ,LGB,633
ORF,SJC,633
DAL,YYC,633
RNO,HOU,633
HOU,XNA,632
JFK,HSV,632
GSP,BNA,632
PAP,PBI,631
BUF,STT,630
HOU,MOB,629
SGF,LGA,629
OAK,SJU,629
EUG,JFK,627
JFK,JAN,627
HOU,GSP,626
SLC,YEG,625
BUF,SDQ,625
DFW,BTV,624
DAL,CLE,624
IAD,MSN,624
DAB,DEN,621
LGB,SAL,621
MSN,IAD,621
FSD,EWR,621
SWF,SLC,618
PBI,CHS,618
CLE,LGB,618
IAH,RTB,617
PVG,YEG,616
LEX,IAD,616
DXB,DAL,615
CPT,LGA,614
JFK,BGR,612
BZN,JFK,612
WUH,ORD,611
ORF,BHM,611
HSV,HOU,610
STL,DAL,610
EWR,FSD,610
ATL,GNV,609
EWR,GRK,609
AGS,LAX,608
MDW,SJD,608
PEK,YWG,607
DTW,CMH,607
LGB,PVR,607
FSD,LGA,605
VPS,CLT,605
CVG,DAB,605
LGA,CID,604
MNL,YUL,604
SDQ,PBI,604
SBN,MIA,604
DXB,DEN,604
OAJ,MCO,604
DAL,MKE,603
PHL,AGS,603
ROA,MIA,602
BMI,LAS,601
MSP,YQR,600
VPS,FLL,600
MKE,DAL,599
CEB,LGA,598
CHS,MBJ,597
DFW,CHO,596
MSP,YWG,596
ORD,BGR,595
SEA,PAP,595
EWR,MGM,594
JAN,IAD,591
VPS,LGA,591
EWR,SGF,591
HOU,GIG,590
MSP,FPO,590
MDW,PVR,588
OAJ,SAN,587
CRW,EWR,585
SYR,MLB,585
PSC,DFW,585
MHT,JFK,585
DAB,DCA,584
HOU,STX,584
BGR,MBJ,584
VPS,JFK,582
DAB,IAD,580
PVD,HOU,580
DFW,FCA,579
LGA,MVY,579
OAJ,EWR,578
LGB,GEG,578
LGB,CLE,578
IAH,UVF,578
IND,SDQ,574
BWI,SBN,573
ORD,PHF,573
LGA,TAO,572
MKE,LGB,572
SWF,PDX,571
PER,YVR,570
TYS,JAX,569
SAV,PEK,569
GSO,SAL,569
CGQ,EWR,569
FNT,PNS,568
ERI,FLL,568
SWF,DAY,568
MKE,DAB,568
AUS,CTG,568
GRK,SJU,566
HOU,ANC,566
RIC,OAK,565
MCO,GPT,564
SFO,CHA,564
IAH,SVO,560
UIO,HOU,560
HOU,SGF,560
ORD,STX,558
STL,BOG,558
JAX,OAK,558
OAK,LIT,555
SGF,HOU,555
CHA,DTW,555
FAR,MSP,555
RIC,DAB,555
ATL,CAE,555
HOU,CAK,554
ATL,MOB,552
TLV,GUA,551
STI,PHL,549
PHX,CHA,548
LGB,IND,548
BMI,FLL,548
RNO,DAL,546
FLL,HSV,546
SLC,PWM,545
DAL,ANC,545
BUR,TUL,545
BHM,ORF,544
OAK,ORF,544
MOB,EWR,544
SHA,YYC,543
HPN,JAX,543
EWR,ADB,542
FNT,MBJ,542
RDU,CTG,542
HOU,HSV,542
PNS,NAS,542
FSD,SJU,541
ATL,OAJ,541
LAS,MDW,540
DFW,OAJ,540
MSP,ILM,540
GNV,BOS,540
LEX,HOU,539
CAE,AUS,538
SGF,TPA,536
KIN,IAH,536
AGS,FLL,536
SFO,DAB,535
IAH,CHA,534
SFO,ILM,534
JNB,DFW,534
SBN,BWI,533
DCA,CUZ,533
SLC,ALB,533
SWF,LEX,532
CHA,SFO,532
OAJ,JFK,532
PBI,TTN,532
DCA,CID,532
ROA,JFK,532
SXM,LGA,531
JNB,DCA,531
ORD,PSC,530
DAL,TUS,528
IAH,CRW,528
PHX,SRQ,528
CHO,JFK,527
ORD,OAJ,527
LAX,MGM,526
TUL,BUR,526
OAK,SDF,526
MSP,CHA,526
JFK,MOB,525
DAY,SWF,525
ATL,BHM,524
PIT,DAL,521
RSW,CHS,521
SAN,ILM,521
JFK,GPT,521
BZE,HOU,520
DAL,PIT,520
STL,DAB,519
CLT,PVR,518
PBI,BUR,517
OAK,TUL,517
DCA,ECP,517
BDL,RNO,516
MBJ,HOU,515
ICN,SAT,515
LGA,MSO,515
SFO,MYR,514
JFK,FCA,514
SLC,SYR,513
CVG,PAP,513
FLL,JAN,512
PDX,MBJ,510
STL,CAE,509
IAD,BGR,509
JFK,OAJ,509
JFK,CHO,507
HOU,LEX,507
DXB,RDU,506
SWF,OKC,505
HGH,LGA,505
GSP,PBI,505
SDQ,PVD,503
GPT,EWR,503
BWI,OAX,503
HFE,EWR,503
SJU,SRQ,503
DFW,UVF,502
HRB,YVR,502
SJC,YTZ,502
FSD,MIA,501
OAJ,ORD,500
FAR,EWR,500
MYR,MSY,500
SFO,PLS,500
BTV,DTW,499
SFB,JAN,499
DAL,BOI,498
PDX,FAI,498
SHA,DCA,498
LGB,PIT,498
TPA,JAN,497
CMH,ILM,496
LGA,TVC,496
HOU,OGG,496
HOU,PVD,495
MLI,BWI,495
PVG,YWG,494
JFK,MSO,493
CVG,OGG,492
AGS,MIA,492
CAK,SXM,492
DTW,DME,491
PHX,DAB,490
JFK,ROA,490
ORF,DAB,490
MDW,LAS,489
RIC,SDQ,488
SGU,SLC,488
SHA,BWI,488
HOU,GSO,485
RDU,VPS,484
LGA,FSD,484
PBI,TYS,482
LGA,OAJ,482
LFT,EWR,482
BWI,WUH,481
LEX,SWF,480
BNA,ILM,479
OAK,DSM,478
RST,LGA,478
ALB,HOU,478
JNB,BWI,477
RSW,CUN,476
IAD,PAP,476
RST,EWR,476
PHX,ILM,475
LGA,MGM,475
LGA,SGF,474
TPA,UVF,474
BNA,DAL,474
RST,LAX,472
SEA,DAB,472
BNA,LGB,471
COS,JFK,470
SRQ,PVD,470
EWR,BON,470
AUS,DPS,468
OAJ,LGA,468
MSP,GMP,468
BHM,ATL,467
ROC,HOU,467
HOU,PSP,467
GEG,LGB,467
CAE,SJU,466
HOU,GCM,466
ALB,ILM,465
GEG,DAL,465
BMI,CUN,465
ATL,PEI,464
BOI,DAL,464
JFK,JAC,464
JFK,YQB,463
PHX,STT,463
PVD,ILM,462
BRU,MCO,462
HPN,SRQ,462
TYS,MYR,461
LAX,MLB,460
SAT,PAP,460
MSY,DAL,460
FLL,VPS,460
HOU,KIN,460
MLI,GRU,460
TUL,NAS,458
PVD,DAB,457
PAP,BWI,456
BRU,SEA,456
AGS,DTW,455
SAV,HOU,455
GSP,RSW,455
DEN,PHF,455
ROC,SJO,455
SDF,SRQ,454
JFK,GRK,454
BOS,OAJ,453
MEM,LGB,453
IAD,CID,452
LAN,EWR,452
EWR,VQS,451
CLE,STT,451
GTF,MSY,451
GNV,LAX,451
RIC,STT,449
SGF,JFK,449
AVL,IAD,449
IAD,PUS,449
ORD,GNV,448
DTW,HMO,448
BWI,FNT,447
PHX,FAY,447
ORD,MGM,446
SHA,LGA,446
AUS,SDQ,446
HOU,CZM,446
MIA,SLU,446
SJU,BHM,446
DFW,PER,446
RSW,FNT,445
DSM,OAK,444
JFK,BIL,444
DFW,PHF,443
DAB,PHX,442
JAX,PUJ,442
DAL,GEG,441
SHV,EWR,441
SYR,SAL,441
HOU,ECP,440
HOU,MYR,440
PWM,SLC,440
OAJ,FLL,439
CVG,ANC,438
JAX,SDQ,438
GEG,HOU,437
DTW,PHF,437
SJU,CAE,437
GPT,JFK,437
BDL,DAL,437
SBN,SFO,435
KBP,BWI,435
HOU,AUA,435
FAY,SJU,434
HOU,CHA,434
ORF,RNO,434
RDU,SAV,433
SEA,PHF,433
MOB,JFK,433
ORF,OAK,432
LGB,PBI,432
JFK,MGM,431
EWR,SHV,430
GRR,OAK,429
BWI,PUS,429
OAK,CZM,428
FSM,LAX,428
JFK,MVY,427
SRQ,MSY,426
HOU,STT,426
LGB,MEM,426
ICT,NAS,425
MYR,PBI,423
BWI,FCA,423
HOU,ALB,423
DTW,OAJ,423
MGA,HOU,422
CHA,SAN,421
MGM,LAX,421
SEA,AGS,421
DCA,WUH,421
OAJ,LAS,421
SAN,SDQ,421
TYS,VPS,420
MLB,BWI,419
IAH,AVL,419
MGM,EWR,419
ECP,ORD,417
FWA,JFK,415
IAH,BIL,415
MSP,FAR,415
DCA,AGS,414
IAD,AGA,414
LFT,LGA,414
CHS,PUJ,414
MGM,AUA,413
SJC,LIR,413
IAH,GUM,413
HOU,SHA,412
MEM,FNT,412
GRK,JFK,412
ORF,TUS,411
JAX,KIN,410
DFW,MOT,410
TLC,JFK,409
TUL,OAK,409
GPT,FLL,409
PHX,AUA,408
SNA,DPS,408
ATW,LGA,407
FCA,ORD,407
PBI,SAP,407
VPS,ATL,407
REC,JFK,406
CID,JFK,406
SJO,BKK,405
AUA,SWF,405
STL,ECP,405
EWR,TNR,405
DFW,RTB,405
BWI,CUZ,404
PIA,BWI,404
BOS,AGS,404
DCA,FNT,404
MCO,MID,403
DAL,BJX,403
IAH,CUZ,402
YYZ,DAL,401
EUG,LGA,401
MDW,MTY,400
MCI,LGW,400
AGS,SEA,400
SDF,DAB,400
SGF,MSY,400
FRA,DAL,399
PHF,HOU,399
GRR,PNS,399
ECP,ATL,398
HPN,IAD,398
MLB,LAX,397
DAB,SYR,396
OAK,PTY,396
SYR,ILM,396
ORD,CGQ,395
ORD,GUM,394
BIL,EWR,394
PIT,PAP,394
ECP,MIA,394
IAD,FCA,393
OMA,LGB,393
DCA,GNV,392
BDL,YTZ,392
JAN,BNA,390
CHA,HOU,389
UIO,MSP,388
DAL,GUA,388
MOB,MIA,386
DAB,SFO,385
DSM,SDQ,384
JFK,EWN,383
AGS,BOS,382
MYR,SFO,382
LGA,BIL,382
SWF,OAK,382
IAD,ECP,382
VPS,IAD,382
MLI,EWR,381
TPE,HOU,380
CVG,ILM,378
DAL,SJU,378
AEP,HND,377
ATL,CUZ,377
LGB,KEF,376
FSD,HOU,375
MDE,SWF,375
MCO,FAI,374
RDU,MOB,374
SWF,PNS,373
AGS,TPA,372
SMF,MZT,372
VPS,TPA,371
DFW,GTF,371
IAD,AGS,370
BWI,PIA,370
FSM,LAS,370
LGB,EZE,369
CLT,BGR,369
TUS,ORF,368
AGS,IAD,368
LGA,FCA,368
TLH,HOU,367
TSA,BOS,367
DAL,OMA,366
IAH,PLS,366
LEX,VPS,366
YEG,COK,366
MGM,LGA,365
ORF,VPS,365
HPN,SAV,365
ORD,ITO,365
FLL,CZM,364
HPN,CHS,363
TUS,DAL,363
FLL,MOB,363
HND,HOU,362
MLB,LAS,362
KBP,DCA,361
IAH,FNT,360
DTW,GNV,360
FLL,OAJ,360
LIT,ORF,359
PBI,PNS,359
VPS,BNA,359
SYR,HOU,358
AVL,PBI,357
ROC,ILM,357
LGA,DLC,357
EWR,EWN,357
BDL,CHA,357
ORF,SRQ,356
MGM,JFK,356
MYR,SEA,355
SAN,STT,355
SDF,OAK,354
SFO,MDW,354
LNK,LGA,354
ILM,SEA,353
IAD,SBN,353
PIA,EWR,353
OAK,JAN,352
BGR,ORD,352
SMF,SWF,351
DAL,MEM,351
MLI,MSY,351
CLE,CHA,350
JFK,YHZ,350
FNT,HOU,350
BGR,IAD,349
RST,ATL,349
PBI,PUJ,348
BNA,FAY,347
FLL,GPT,347
MYR,RSW,347
DTW,SVO,346
BHM,OAK,346
CHA,PBI,345
HPN,MBJ,345
ATL,RST,344
ORF,STT,343
ILM,IAH,343
AUS,ILM,342
DSM,NAS,342
FAR,JFK,342
DCA,SBN,340
TLH,IAH,340
BGR,FLL,339
SEA,ILM,339
HOU,CRW,338
PHF,SFO,337
DAL,BDL,336
YTZ,PHX,336
LEX,MYR,336
MCI,DAL,335
PWM,IAH,335
BUR,BHM,334
SDF,PEK,334
HPN,NAS,334
STL,ILM,333
AUS,YTZ,332
ATW,EWR,332
IAH,MDT,332
IAH,ILM,332
HSV,RDU,332
ORD,GTF,332
SDF,MBJ,331
DAL,CVG,331
MEM,DAB,330
CHA,ONT,329
MDW,YHZ,329
CVG,KIN,329
SBN,DCA,329
FSD,JFK,329
MDW,BCN,328
RIC,VPS,328
LGA,SHV,328
IAD,MID,327
CVG,DAL,327
LGB,SHA,326
AUS,KIN,326
LAX,TRI,326
HPN,DAB,326
DCA,PUS,326
CID,HOU,325
ORF,KIN,325
SHV,JFK,324
OAK,MBJ,324
JAX,BOI,323
ORD,TNA,322
PVD,PVG,322
HOU,LIR,322
CAK,VPS,322
TPA,MOB,322
PNS,PBI,321
ALB,ABQ,321
AGS,SFO,321
CAE,PBI,321
MTY,NRT,320
BTV,SRQ,320
MLI,HOU,319
LNK,SAN,319
SFO,PHF,319
CHO,IAH,318
EWR,GJT,317
FNT,JFK,316
CRW,HOU,316
ORD,RTB,316
DCA,FCA,315
DAL,FRA,315
LNK,EWR,315
JFK,CID,315
JFK,FSD,315
DCA,OAX,314
TRI,TPA,314
SBN,IAD,314
RST,JFK,313
MLB,DCA,313
PAP,DCA,313
LEX,SAV,312
HOU,LIH,312
MTY,MDW,312
SLC,MYR,312
PNS,SWF,312
PBI,COS,311
DAY,SJC,311
GNV,IAD,311
JAX,CHA,311
JFK,SGF,310
AVP,IAH,310
MCI,VER,310
HOU,JAC,308
MCI,ILM,308
LGA,RAP,308
IAD,GNV,307
HOU,AVL,307
KBP,DFW,306
LSE,DEN,305
PWM,MYR,305
HPN,BWI,305
PEK,SCE,304
SWF,DAB,304
PHF,SJU,303
BIL,LGA,303
MEM,DAL,303
GSP,ONT,302
MIA,HSV,301
GSO,SDQ,300
EWR,TRI,299
GMP,SAN,298
LGB,OMA,298
OMA,DAL,298
CAN,HOU,298
FCA,EWR,297
LAN,JFK,297
ELM,DEN,297
SHA,YOW,296
LFT,JFK,296
BIS,LGA,296
MSP,MOT,296
HOU,BIL,296
PNS,CUN,296
MKE,ILM,295
MSN,HOU,295
SJC,BZE,295
CRW,JFK,295
MDT,HOU,294
PIA,MSY,294
PAP,GRU,294
MBJ,BNA,294
LGA,VQS,294
MLB,IAD,294
TRI,EWR,293
PVG,CAE,293
PEK,YXE,293
KIN,RIC,293
HOU,FNT,292
JFK,LAP,292
SJU,DAL,292
ERI,EWR,292
EWR,MVY,292
RNO,BDL,291
PNS,MBJ,290
ATL,TRI,290
FWA,MYR,289
GRR,PVR,288
ORF,SDQ,288
PVG,BHM,288
SAP,PBI,287
AUS,OAX,287
PIT,KIN,287
BWI,MID,287
BMI,SEA,286
ROC,DAB,286
HPN,CUN,285
PIT,SDQ,285
PHX,OAJ,285
HOU,SVO,285
SMF,CHA,284
TRI,JFK,284
MGM,DTW,283
AGS,PHX,283
TYS,RSW,282
JFK,TRI,282
RDU,ECP,282
MOT,MSP,281
CAK,OAK,280
MCI,MOT,280
CAN,IAH,279
DEN,MGM,279
BGR,RSW,279
EWR,GTF,279
IND,STI,278
IAD,MGM,278
AUS,CHA,277
OAK,BZE,277
NKG,LGA,276
GNV,SEA,276
MIA,JAC,276
COS,PBI,275
DFW,MLB,275
LEX,CHS,275
JFK,BON,274
BWI,RST,274
JAX,DAL,274
ORD,EWN,274
OAK,DAY,273
BOS,EWN,273
SJC,YHM,272
IAH,SHE,272
DAL,MCI,272
ECP,BNA,271
PDX,SDQ,270
JFK,SHV,270
IAH,DAB,269
DAL,SLP,269
PDX,ILM,269
BIS,EWR,269
BGR,MIA,269
SNA,MBJ,268
OMA,MYR,268
BMI,MSP,268
MIA,GPT,268
SWF,SRQ,267
SEA,MDW,267
LGB,DAL,266
CMH,ECP,265
BUF,KIN,264
BHM,BUR,263
IAH,PHF,263
GNV,DTW,263
HOU,UVF,262
ABE,ILM,262
GSP,DAB,260
ORD,HLN,260
PEK,YYJ,260
PHF,HNL,260
MGM,MIA,260
SDQ,AUS,260
MLI,JFK,260
AVP,SRQ,259
IAD,FNT,259
DAL,LGB,259
REC,EWR,259
SJC,SAV,259
JFK,JNU,257
HSV,PBI,257
AUA,PBI,257
OAK,OAX,257
GPT,MIA,257
KIN,HOU,256
DSM,LGB,256
BIL,JFK,255
LAX,EWN,255
MCI,AUA,255
ICT,PBI,254
AGS,SJU,254
DCA,RST,254
PEK,SAV,254
BNA,SBN,253
EWR,ELH,253
PVG,DAL,253
OMA,DAB,252
PIT,BGR,252
SWF,UIO,251
RIC,DAL,251
LGA,EWN,251
SWF,CAK,250
LGA,GJT,250
OKC,MBJ,250
HOU,EYW,249
RDU,HSV,249
CLE,MLB,248
SLC,ILM,248
FWA,HOU,247
STL,OAJ,247
IAH,PAP,246
DAL,COS,246
SDF,ICN,246
BNA,PHF,246
BMI,EWR,246
ILM,PBI,246
LIT,PBI,245
ORF,ECP,245
PIA,DCA,245
DCA,AEX,244
ABE,HOU,244
EWN,LAS,244
GRR,PEK,244
BMI,SAN,244
DAL,MDE,243
LHR,UVF,243
BWI,TAO,242
DCA,TAO,242
MDW,MCO,242
ATL,ELM,242
RIC,CHA,242
MOB,FLL,241
BMI,SFO,241
ATL,GGT,240
TRI,FLL,240
HOU,MDT,240
SYR,CAE,239
DAL,PBI,239
ONT,MBJ,239
PNS,JAX,239
AVP,DTW,239
DAL,BNE,239
RSW,RNO,239
LAS,STT,238
FNT,CHS,238
LGB,BZN,238
SFO,AGS,238
PHX,AGS,238
DAL,EUG,237
DTW,TTN,237
OAK,ALB,237
BWI,AEX,237
LEX,PBI,236
MGM,SEA,236
LGB,RDM,236
PBI,STI,235
BNA,RAP,235
ILM,SJU,235
PBI,LEX,235
ADL,YVR,235
PVD,OAK,235
AVL,HOU,235
STL,JAC,234
PBI,SJD,234
OAK,PVD,233
DAL,BZN,233
ILM,HOU,233
DTW,DAY,232
CLE,MGM,232
LGA,DLH,231
DFW,EWN,230
PBI,OAK,230
MSP,PHF,230
KBP,TPA,229
BNA,MLB,229
CMH,MLB,229
RDU,MLB,229
FAY,SMF,229
DCA,MID,229
DXB,MDW,228
GRR,DAB,228
GTF,ORD,228
TUL,LGB,227
LIT,MBJ,227
RSW,PNS,227
TYS,EYW,227
CVG,MLB,227
UIO,DTW,226
HOU,DAB,226
SYR,BOI,226
JFK,VQS,226
LSE,LAX,225
BGR,PBI,225
ABE,DAB,224
IAH,AGS,224
SWF,AVL,224
FAT,SDF,223
BHM,NAS,223
SFO,MLB,223
MKE,SDQ,223
OAK,NAS,223
BDA,SWF,223
EWR,NDJ,222
PDX,DAB,222
AGS,PBI,222
MDW,MNL,221
UIO,SWF,221
LGA,TNA,221
MDT,DAB,221
BNA,BGR,221
PVG,YYJ,221
ALB,MLB,220
HOU,ILM,220
PIA,HOU,220
SAN,DAB,220
BUR,MBJ,219
JAN,OAK,219
HOU,KOA,219
MDW,GUA,219
TRI,LAX,218
BWI,TRI,218
DAB,MKE,218
SAT,KEF,217
MDW,KEF,217
HPN,DAL,217
SLC,COD,217
FAY,PBI,217
BHM,EYW,217
PWM,HOU,216
DAL,MAD,215
ORD,TGZ,215
PUJ,PBI,215
MDW,CLT,215
IAH,OAJ,215
SRQ,SWF,214
MBS,LGA,214
MOB,RDU,214
HOU,PHF,213
ELM,FLL,213
RAP,BWI,213
MYR,SJD,212
JFK,RAP,212
CHA,SNA,212
DSM,DAL,211
PDX,JNU,211
JAX,AUA,210
PIA,JFK,210
CLE,CMH,210
DAL,RIC,210
LGA,VER,209
SDF,OGG,209
MCI,AGS,209
MDW,ATH,209
GRR,DAL,209
ELP,PBI,209
JFK,TVC,209
RST,FLL,209
DEN,SXM,209
TPA,EWN,209
TUL,MBJ,208
ATL,MGM,207
EWR,JNU,207
JAN,JAX,206
OAJ,AUS,206
YHZ,JFK,206
BOS,TRI,205
CHA,HNL,205
PWM,PNS,205
SAN,EWN,205
MGM,BWI,205
YYC,DAL,205
RAP,IAD,204
PVG,YXE,204
IAH,VKO,204
PWM,DAB,204
MGM,IAD,203
DAL,DSM,203
PIT,EWN,202
GSP,ICN,201
GSP,PUJ,201
MBS,DFW,201
OAK,GIG,200
MSP,GNV,200
BMI,HOU,200
FSM,MCO,200
TYS,ECP,200
SWF,MSN,199
MLI,IAD,199
GTF,EWR,198
PVD,MLB,198
HOU,GMP,197
DAL,AGU,196
MSY,PLS,196
RST,BWI,196
EVV,ATL,196
MEM,STT,196
YWG,JFK,195
PEK,DAL,194
MSY,YTZ,194
ELM,DFW,194
BNA,RST,194
MLI,SGN,193
FCA,JFK,193
BMI,CLT,193
SLC,JAC,193
MKE,AUA,192
PNS,PWM,192
FAI,PDX,191
MCO,MDW,191
PHF,PBI,191
HOU,SHE,190
SLU,MIA,190
PHX,WUH,190
ICT,OGG,190
PHX,MLB,190
DAL,MSO,189
JFK,TLC,189
LGA,TRI,188
EWR,HLN,188
HOU,PLS,187
GSO,SJO,187
KMG,LGA,187
RNO,PBI,186
EWR,DLH,186
AGS,HOU,186
BHM,LGB,186
VPS,TYS,186
MEM,CAE,186
PIA,IAH,186
MSP,CUZ,185
PBI,PVR,185
JFK,NDJ,184
MDT,EYW,183
FSD,MNL,183
JAC,LAS,183
RAP,DCA,183
PVD,ABQ,183
SYD,SJO,182
TRI,SEA,182
AVL,RSW,182
OAK,PUJ,181
SEA,TRI,181
LEX,ECP,180
MEM,EYW,180
ABQ,ALB,180
SAN,ATW,179
BIS,BWI,179
REC,LGA,178
ORF,DAL,178
PEK,RST,178
BDL,GEG,177
DAB,GSO,177
FNT,HNL,177
CHO,HOU,177
PHF,PDX,177
LGB,PTY,176
DCA,BMI,176
DAY,LGB,175
LGA,FAI,175
BMI,LGA,175
JAN,PEK,174
RST,SAN,174
GRK,FAY,174
ORF,BZE,173
MSP,EWN,173
DCA,PIA,173
DAL,QRO,173
DXB,SLC,172
BMI,BOS,172
GSP,NAS,172
SMF,FAY,172
SMF,FAI,172
BWI,IDA,172
DAY,PUJ,171
COS,DAL,171
GNV,CMH,171
ICT,MYR,170
MCI,PHF,170
EWR,COD,170
LGA,OUA,169
PBI,STT,169
PAP,IAD,169
HOU,ROA,169
PVG,MEM,167
DTW,CUZ,167
MOT,ORD,167
ORD,TLC,167
PVD,VPS,166
AGS,HNL,166
GSO,EYW,166
LEX,DAB,165
MKE,BZE,165
IAH,XIY,165
OKC,PUJ,165
EWR,MDW,165
IAD,RST,164
SLC,KIN,164
HOU,OAJ,164
FCA,LGA,164
JAX,SXM,164
MSP,MLB,164
DAL,HPN,163
DAL,GSO,163
MSY,MLI,163
BHM,DAB,163
ELM,RSW,162
PVG,LEX,162
TGU,DAL,162
AVL,SWF,162
DAL,BUF,162
DAL,CHS,162
CHO,PWM,161
IAD,IDA,161
PNS,PHF,161
AUS,YHM,161
HOU,TSA,160
PWM,MLB,160
SHA,YEG,160
BMI,PHL,159
ILM,SNA,159
GSP,EYW,159
MCO,ACA,159
BWI,HLN,159
STL,XNA,158
ROC,MLB,158
SMF,DAB,157
MCI,LCY,157
FAI,SAN,157
DAL,FCO,156
MDE,DAL,156
RST,SAT,156
FNT,ABQ,156
RSW,DAL,155
BIS,DCA,155
TRI,BOS,155
OAK,LIR,155
DAL,MTY,155
MDW,PHX,155
BMI,BWI,155
CHA,MYR,154
FNT,DAB,154
BZN,BTV,154
CHA,ELP,154
MLU,LGA,154
AVP,HOU,154
DAL,SDF,154
MOT,MCO,154
STI,PBI,154
PDX,KIN,154
GTF,LGA,153
MDW,ATL,153
BHM,PUJ,153
LIT,SWF,152
JAX,CTG,151
RSW,MBJ,151
EWR,SGU,150
MDW,SLP,150
DEN,MLB,150
GSO,PTY,150
TLH,PVG,150
MGM,ATL,149
LGA,GTF,149
JFK,GTF,149
CHA,CUN,149
DAL,JAX,149
LGA,COD,149
JFK,ELH,149
SJU,YTZ,148
SAV,STT,148
IAH,CSX,147
DAL,BIL,147
DSM,VPS,147
SDF,ILM,147
PBI,DAL,145
CHA,MNL,145
JAX,GPT,145
DAY,DAL,145
PIA,PBI,145
SNA,ILM,144
UVF,LAX,144
HSV,RSW,144
CAK,SWF,144
RST,IAD,144
MCI,MGM,144
LEX,ICN,144
ROC,DAL,144
DAL,FCA,144
GJT,SLC,143
BMI,IAH,143
BUF,DAL,142
PVG,YQR,142
HPN,SJO,142
MLB,DFW,141
PNS,ROC,141
SWF,TLH,141
MHT,PVG,140
CGQ,LGA,140
DAL,PNS,140
STL,EWN,140
SWF,PVR,139
DAL,GRR,139
MLU,EWR,139
LSE,ATL,139
DAL,TGU,139
MDW,AGU,138
XNA,PBI,138
PVG,SWF,138
DAY,SJO,138
IAD,AEX,137
GNV,BDL,137
JAX,LIR,137
GUA,MDW,136
HSV,PHF,135
CAE,OMA,135
RST,RSW,134
BWI,BMI,134
PIA,IAD,134
SJC,AZA,134
SDF,DAL,133
RSW,CAE,133
DAB,SWF,133
MYR,EYW,133
ERI,JFK,132
HOU,CUZ,132
MBS,EWR,132
DAL,YUL,130
JFK,GJT,130
IAD,PIA,130
CLT,MDW,130
DAL,RSW,130
LSE,TPA,130
JFK,HLN,130
HOU,PAP,129
MHT,DAB,129
PDX,MDW,129
MLI,PBI,128
OAK,SHA,128
SHA,YWG,128
STL,YTZ,128
DAL,PER,128
BJX,DAL,127
SAN,MDW,127
LEX,EYW,126
HOU,CSX,126
CLE,RST,126
DCA,TRI,126
ONT,GMP,125
MOB,CHS,125
DAB,CHA,124
DAL,BHM,124
YTZ,MSY,124
RST,PEK,124
BUF,SJD,123
ONT,PUJ,123
SAV,BTR,123
ATL,MDW,123
DCA,HLN,122
JFK,SGU,122
DEN,MDW,122
DAL,DAY,122
MGM,SFB,122
DAL,LIR,121
CVG,BIL,121
MCO,TAP,121
CAK,DAL,121
CAE,PWM,121
MHT,PEK,121
TRI,SAT,121
RST,RDU,121
BIS,IAD,121
LGB,BZE,120
DAL,GSP,120
SYR,LIM,120
GSO,SBN,119
CAK,PUJ,119
HPN,PUJ,119
PDX,SGU,118
SWF,LIT,118
SAV,AVP,118
MDW,BKK,118
RDU,YTZ,118
IAD,TRI,117
TRI,SFO,116
MDW,EWR,116
IAH,ELM,116
STL,WUH,116
GNV,PEK,116
LGB,JAN,116
BNA,UVF,116
LNK,IAH,116
SDQ,PDX,116
PSC,DAL,116
DTW,TAO,116
CHA,ICN,115
CHA,OMA,115
AZA,SJC,115
DAL,SAV,115
GSO,ABQ,115
GRR,VPS,115
IAD,TGZ,114
LGB,SGF,114
SJO,GSO,113
ATW,JFK,113
MDW,OAX,113
SJO,ECP,113
SDF,MLB,113
BIS,JFK,113
DAL,TYS,113
FNT,DAL,113
BMI,JFK,113
IND,YTZ,113
SNA,MYR,112
YTZ,ICN,112
MSP,ISN,112
MOT,SAN,112
DCA,IDA,111
MSN,SWF,111
ROA,SJU,111
JAN,PBI,111
DAL,CAK,111
AZO,PBI,110
ILM,CUN,110
GSP,DAL,110
PWM,LIT,110
TLH,CUN,110
RST,CUN,110
BUF,CZM,110
EWR,LAP,109
LGA,SGU,109
DAL,SYR,109
HOU,FPO,108
DAL,MBJ,108
BDL,YHM,108
DAL,CTG,108
MLU,JFK,108
FSM,MIA,108
RSW,VPS,108
STL,MLB,108
ELM,BNA,108
ORD,GPS,107
GNV,ORF,107
DAL,ORF,106
MSN,DAL,106
HOU,XIY,106
PHF,CUN,105
DAL,MLM,104
RIC,CZM,104
LIT,PUJ,104
IAD,HLN,104
OAK,YTZ,103
MTY,HND,103
CAK,AGS,103
DAL,MYR,102
BHM,STT,102
FRA,SAV,102
CMH,LIR,101
YYZ,TLH,101
IAH,JRO,101
LAX,SDJ,101
GNV,BUF,101
FNT,EYW,101
PSC,ZLO,100
DAY,PVR,100
YHM,OAK,100
GTF,JFK,100
MSN,OGG,100
RDU,NKG,100
HOU,ACC,99
JAX,OAJ,99
OAJ,HNL,99
IAH,MDW,99
DEN,MQT,99
TUL,SWF,98
MDW,IAH,98
MSP,MDW,98
PIT,STI,98
CRW,VPS,98
PVD,DAL,97
PNS,DAL,97
SJC,MDW,97
SEA,LAP,97
MYR,SJC,96
MDW,SJO,96
DAY,AGS,96
BUF,BZE,95
MDT,STT,95
LIT,MYR,95
MDW,DEN,94
SYR,VPS,94
YUL,GMP,94
OAK,YHM,94
DAL,CLO,94
LEX,GSP,94
ONT,DAB,93
HFE,LGA,93
GPT,FAY,93
BOI,SYR,93
ISN,LGA,93
LGA,HLN,92
SBN,BTR,92
MCI,YTZ,92
DFW,FNA,92
MDW,TPA,92
DAL,FNT,92
RSW,PUJ,92
MGM,PDX,92
GSP,PVR,92
CLT,FSM,92
DAL,ROC,91
MDW,ACA,91
OAK,MDW,91
OOL,YVR,91
LGB,AEP,91
LIT,BON,91
CID,DAL,91
BHM,DAL,91
MDW,ICN,91
ABQ,OAX,90
GMP,HOU,90
GRR,KEF,90
AUS,VCP,89
PBI,PLS,89
SHV,PBI,89
KIN,VPS,89
OKC,PHF,89
HOU,SDU,89
IDA,IAD,89
GNV,SWF,89
ORF,MDE,89
LGB,PUJ,89
IAD,DGO,89
CHS,GPT,88
TLC,ORD,88
HPN,NRT,88
TRI,HNL,87
PNS,CHA,87
VPS,SWF,87
ELM,SFO,87
AZO,SJC,87
BOI,PBI,87
BUF,TLH,87
MCI,GNV,87
MDW,MSY,87
FWA,DAL,86
GSO,DAL,86
TLH,MBJ,86
DAL,CAE,86
PBI,LIR,85
SWF,GNV,85
SDF,KEF,85
PBI,JAC,84
ILM,MNL,83
STL,YHM,83
HOU,RTB,83
PAP,RDU,83
TUS,AVL,83
GSP,KIN,83
MDT,DAL,83
HKG,SWF,82
CLE,YTZ,82
ELM,IAH,82
MQT,LAS,82
ABQ,ROA,81
FAI,OGG,81
GNV,STL,81
CAK,SJO,81
DAY,GNV,81
SGU,PDX,81
DAL,NAS,80
FAY,PTY,80
BWI,TGZ,79
CAE,BTR,79
DAL,FAY,79
SJU,TTN,78
SYR,CAN,78
FSM,CUN,78
ILM,SJO,78
TUL,FCA,78
TRI,RSW,78
HOU,AGS,78
DAL,MSN,77
GEG,FNT,77
IDA,BWI,77
SJU,ROA,77
LIT,OAJ,77
IDA,DCA,77
BHM,VER,77
FNT,VPS,77
TPA,MQT,77
SCE,SHA,76
PHF,DAL,76
MDW,CZM,76
RSW,STT,76
PBI,SXM,76
ATL,HUX,76
MOT,BWI,76
PHF,MNL,76
LAS,AZA,75
PDX,TRI,75
BGR,MYR,75
FSD,DAL,75
TRI,PDX,75
YHM,ICN,75
DAL,ALB,74
DAL,JAC,74
BUF,CTG,74
ORD,SUN,74
MSY,YHM,74
CHA,EYW,74
DWC,ORD,74
DAL,DAB,73
CAE,SFB,73
DAL,AVL,73
FNT,SJD,73
GMP,SAT,73
SAT,PLS,72
PNS,CAE,72
PNS,PUJ,72
DAB,SNA,72
DAL,YTZ,72
CAE,EYW,72
ILM,MBJ,71
GRR,FAR,71
SYD,YHM,71
ISN,EWR,71
HRB,LGA,70
TUS,MYR,70
DAL,LIT,70
PBI,BZE,70
IEV,DCA,70
ICT,SWF,70
HPN,HND,70
MIA,BMI,69
BOS,MDW,69
SDF,GMP,69
ALB,DAL,69
LGA,TNR,69
DAL,SAP,69
CVG,FPO,69
ROC,STT,69
ABE,LEX,68
BHM,AUA,68
IDA,GDL,68
FSD,MBJ,67
GRK,MGM,67
SNA,DAB,67
AVL,CHO,67
DAL,PVD,67
SWF,ICN,67
MTY,SWF,67
SWF,MLB,66
SWF,SBN,66
DAL,CID,66
FAY,DAL,66
MYR,DAL,65
MOT,IAD,65
ICN,SWF,65
SRQ,DAL,65
MEM,RST,65
LEX,PUJ,65
MSY,MDW,65
LGA,JNU,64
CHS,DAL,64
OMA,KIN,64
MDW,MIA,64
AGS,ALB,64
OAK,TSA,64
SWF,AGS,64
FNT,PVR,63
BMI,PBI,63
SWF,VPS,63
DTW,VKO,63
HOU,GUM,62
IAD,BMI,62
AGS,BTR,62
PHF,SJO,62
MYR,TUS,62
EVV,SJU,62
HLN,SAT,62
SHA,CAE,62
SWF,SJD,61
ABQ,MOT,61
CKG,IAH,61
BMI,IAD,61
TYS,DAL,61
CAE,ANC,61
SHA,YYJ,61
LEX,DAL,61
SYR,DAL,61
MGM,MEM,60
SWF,MOB,60
MLB,SYD,60
DAL,SRQ,60
DAL,BTV,60
GPT,CAE,60
OAK,SDU,59
ELM,PDX,59
AVL,DAL,59
SDF,BIS,59
MDW,NRT,59
DWC,IAD,59
MDW,DFW,58
ATL,SLU,58
MDW,BOG,58
HOU,YTZ,58
DAL,BMI,57
GJT,LIH,57
CID,CTU,57
PVG,GNV,57
YHM,MSY,57
MDW,VER,57
MGM,SJU,57
CPR,SAT,57
ECP,CUN,57
DAB,DAL,56
SWF,JAN,56
DAL,PHF,56
DCA,TGZ,56
DLH,SFO,56
MCI,MDW,56
BNA,TAO,55
CRW,DAL,55
CKG,HOU,55
DAL,PUJ,55
SJU,YHM,55
MDW,MZT,55
MDW,BOS,54
PVG,HSV,54
SHA,YXE,54
GNV,ICN,54
FWA,BOI,54
DAL,ECP,54
LIT,JAN,54
MDW,YVR,54
SAV,DAL,54
PHF,PUJ,54
PHL,MDW,53
MDW,MDE,53
IND,UVF,53
BTV,DAL,53
CHA,DAL,53
IAH,SLU,53
SLC,MDW,53
MSP,LSE,53
TPA,MDW,52
DAL,OAJ,52
MOT,FLL,52
MOT,ANC,52
YYZ,MDW,52
MBJ,DAL,52
SNA,PHF,51
BGR,CUN,51
GNV,DAY,51
LIT,STT,51
DAL,MDT,51
DAL,ROA,50
ELP,AVL,50
MOT,DCA,50
IND,YHM,50
GSP,GMP,50
DAL,VPS,50
MLI,DAL,50
MDW,ZIH,50
CHA,GSP,50
YHM,DAL,50
MHT,DAL,50
VPS,PWM,50
DAL,GTF,50
ILM,DAL,49
LGA,MDW,49
DAL,SDQ,49
SWF,GPT,49
MDW,OAK,49
GCC,SLC,49
MLB,SWF,48
DAL,PWM,48
DAL,CHA,48
SWF,HKG,48
DAL,HSV,48
MDW,FLL,48
MSN,KEF,48
PIT,UVF,47
CAE,KIN,47
LIT,PHF,47
BWI,AGA,47
AUS,CGH,47
DAL,CHO,47
MQT,DCA,47
LGA,BON,47
ROA,DAL,46
DAL,YHM,46
DAY,RAP,46
DAL,CRW,46
TYS,ELM,46
RDU,MDW,45
MDW,DTW,45
SWF,ECP,45
DAL,SWF,44
DAL,AGS,44
AGS,DAL,44
DAL,TLH,44
PWM,GPT,44
DTW,MDW,44
DAL,GCM,44
DFW,MDW,44
MDW,LGA,43
GNV,MNL,43
MTY,DAL,43
SAT,MDW,43
YTZ,DAL,42
SYD,YTZ,42
STL,MDW,42
DAL,RAP,42
IEV,BWI,42
MDW,SAT,42
CAE,DAL,42
SWF,PEK,42
MCO,SLU,42
OMA,AGS,41
CHO,DAL,41
CLE,MDW,41
JAN,SWF,41
AUS,MDW,41
SWF,DAL,40
OMA,MDW,40
VPS,DSM,40
DAL,KIN,40
TSA,HOU,40
IND,NKG,39
SNA,MDW,39
IND,TAO,39
MDW,SJU,39
YTZ,OAK,39
SHA,DAL,39
SFB,CUN,38
GRB,DAL,38
ROC,PVR,38
TLC,NRT,38
MDW,PEK,38
PWM,DAL,38
DAL,AUA,38
MDW,SYD,38
LIT,AGS,38
JAC,CHS,38
CHA,PUJ,37
CMH,YTZ,37
MQT,BWI,37
DAL,LEX,37
DAL,MID,37
DAL,YOW,37
SHA,YQR,37
CMH,MDW,37
SWF,NRT,36
ANC,AGS,36
ONT,MDW,36
DAL,MHT,36
DAB,TUS,36
DAY,CZM,36
LGA,LAP,36
CPR,SMF,35
MDW,SEA,35
AZA,LAS,35
ICT,YXE,35
MQT,SFO,35
GRR,TRI,35
TAO,PHL,35
SWF,CID,35
MDW,AUS,35
BHM,CSX,35
PSC,TYS,35
ILM,PUJ,34
GSO,LFT,34
SMF,YXE,34
IDA,GEG,34
PLS,PBI,34
MDW,HKG,33
DAL,BZE,33
MKE,YTZ,33
LEX,GMP,33
SXM,PBI,33
GRR,LSE,33
DAL,FSD,33
MDW,CUU,33
MIA,MDW,32
PIA,DAL,32
BMI,SJU,32
DEN,MVY,32
SMF,DGO,32
SWF,BZN,32
PVD,SHA,32
MDW,SIN,32
BWI,MDW,32
NAS,DAL,32
MCI,LTN,32
MLB,BNE,32
SAN,MQT,32
YTZ,HOU,31
MCI,YXE,31
FSM,ORF,31
DAL,ILM,31
FAR,DAL,31
YVR,MDW,30
HSV,DAL,30
DAL,FWA,30
MEX,ARB,30
TLH,DAL,30
AZO,DAL,30
LNK,JFK,29
OMA,GNV,29
MDW,SFO,29
SAN,COD,29
DCA,MDW,29
BWI,VKO,29
IEV,TPA,28
COD,SMF,28
LGA,SLU,28
JFK,SLW,28
MDW,PTY,28
MEM,MDW,27
MQT,IAD,27
DCA,AGA,27
RAP,DAL,27
MCI,YHM,27
MDW,ONT,27
LIT,DAL,26
DAL,BTR,26
LGA,ADB,26
MDW,MEM,26
ECP,DAL,26
SHA,BHM,26
MQT,AUS,26
BZN,CAK,26
DAL,MGM,26
DAL,EYW,26
LWS,SLC,26
MDW,BNA,26
ABQ,LSE,26
TTN,SJU,25
MDW,SAL,25
MDW,SAN,25
GJT,DAL,25
JNB,DAL,25
MSP,TNR,25
SYR,LFT,25
MDW,DCA,25
RST,DAL,24
MDW,PHL,24
MDW,MCI,24
RSW,MDW,24
DAL,EWN,24
MDW,PVG,23
AVP,DAL,23
MHT,SHA,23
DAL,MOB,23
MDW,STL,23
LSE,BDL,23
ABE,AGS,23
MBS,DAL,23
DCA,DGO,23
BNA,MDW,23
CVG,MDW,22
DAL,PIA,22
SAV,WUH,22
MDW,RSW,22
MDW,SAP,22
MDW,CMH,22
MKE,HUX,22
LHR,SLU,22
ILM,ICN,21
MDW,MGA,21
DAL,ACC,21
MDW,CVG,21
MDW,RDU,21
GEG,CZM,21
SFB,GDL,20
BDL,MDW,20
MDW,LIM,20
SJO,MDW,20
BWI,DGO,20
CUN,SFB,20
GUM,BHM,20
MLB,DAL,20
FSM,FOC,20
MDW,YYC,20
MDW,PDX,20
HLA,IAD,20
TLH,SHA,20
HOU,TNA,20
PIT,MDW,20
RDU,YHM,20
DFW,SLU,19
MDW,SJC,19
MOT,STL,19
BMI,SAV,19
MDW,SDQ,19
FRU,MSP,19
DAL,CZM,19
DAL,MLB,19
SJU,GUM,19
MDW,UIO,19
BRU,MDW,18
SWF,TVC,18
FLL,MDW,18
GNV,ELP,18
MEM,MGM,18
BUR,MDW,18
HLA,JFK,18
MDW,PUJ,18
DAL,MOT,18
MDW,CHS,18
PAP,CGH,18
MDW,CLE,18
MDW,SGN,18
MKE,YHM,18
ELP,MDW,18
PHF,BZN,17
MDW,ELP,17
MDW,SLC,17
MDW,PBI,17
ABE,DAL,17
MDW,TPE,17
CKG,PIT,17
MDW,BUF,17
HNL,MDW,17
DAL,JAN,17
DAL,RTB,17
OAJ,MNL,17
DAL,PLS,17
MDW,BWI,17
SHA,MEM,17
EWR,SLW,17
CMH,HUX,16
IAD,MDW,16
SDQ,DAL,16
DAL,TRI,16
DAL,XNA,16
OKA,EWN,15
SEA,PIH,15
MCI,STN,15
MDW,OMA,15
SJU,MDW,15
ZRH,MDW,14
DAL,CUU,14
LIT,ELM,14
MDW,SMF,14
CHA,NGO,14
BOI,MDW,14
IND,MDW,14
JNB,MDW,14
DSM,CKG,13
RAP,TVC,13
DWC,DEN,13
MGA,TLH,13
MDW,IAD,13
SLU,LAX,13
CMH,YHM,13
MDW,IND,13
IAH,TNA,13
HSV,FOC,13
SFO,CSG,12
MDW,OKC,12
ALB,MDW,12
XNA,DAL,12
GUM,FAI,12
ORF,MDW,12
SDF,MDW,12
BKL,MDW,12
TRI,DAL,12
MDW,PNS,12
PNS,GTF,12
LGA,NDJ,12
ANC,MDW,12
DWC,RDU,12
BNA,SLU,12
DAL,SXM,12
KBP,DAL,12
PBI,MDW,11
OKC,MDW,11
MDW,SNA,11
PAP,AMS,11
DAL,UVF,11
BTR,DAL,11
MDW,BHM,11
HPN,LIR,11
DAL,GPT,11
SFB,PUJ,11
MDW,SDF,11
DAL,SGF,11
IND,SLU,11
BUF,MDW,11
NRT,SWF,11
BTR,WUH,10
GEG,MDW,10
RIC,MDW,10
MDW,JAX,10
MDW,PIT,10
AVP,CZM,10
TPA,SLU,10
AZA,SJD,10
KIN,AGS,10
MDW,CEB,10
MOT,BDL,10
GDL,SFB,10
PWM,MDW,10
MDW,YWG,10
LCY,UVF,10
LIT,MDW,10
MDW,JAN,10
MDW,BZE,9
YTZ,SXM,9
MDW,LIT,9
MQT,ICN,9
MDE,MDW,9
SWF,MNL,9
VPS,ELM,9
AZA,MEX,9
RST,ICN,9
PVD,MDW,9
BIS,CAN,9
PIT,SLU,9
LFT,DAL,9
ERI,CTU,9
MDW,ORF,9
YHM,SXM,8
JAX,MDW,8
SWF,HND,8
ROC,MDW,8
AZA,BOS,8
ABQ,MDW,8
PAP,VCP,8
MDW,HND,8
MDW,BKL,8
MDW,ALB,8
SGF,CSX,8
ATL,SZB,8
CHS,MDW,8
TUL,MDW,8
CID,SZX,8
DAL,LFT,8
RIC,FSM,8
SHA,LEX,8
SMF,PIH,8
MDT,YTZ,8
GSO,MDW,8
SLU,LGA,8
DAL,MLI,8
CHA,GMP,8
CLE,YHM,8
BZN,LFT,8
BHM,MDW,8
CID,CSX,8
RNO,MDW,7
MCI,SEN,7
MDW,TGZ,7
YYZ,AZA,7
DSM,MDW,7
MDW,DAL,7
MDW,ROC,7
HOU,JRO,7
MDW,BDL,7
GFK,LAS,7
MDW,BTV,7
MDW,CAN,7
ERI,RAP,7
MGM,DAL,6
BMI,DAL,6
SGF,DAL,6
SAV,CSX,6
SAN,CSG,6
MDW,TUL,6
MDW,MYR,6
MDW,ICT,6
MDW,MHT,6
LGA,SLW,6
MDW,KUL,6
JAN,MDW,6
PER,BDA,6
MDW,BUR,6
DAL,DSS,6
ISN,JFK,6
JAN,DAL,6
MDW,GRU,5
UIO,MDW,5
MDW,RIC,5
EZE,PHF,5
MDW,GSP,5
EWR,CSG,5
MQT,GMP,5
MDW,ABQ,5
MDW,PVD,5
COS,MDW,5
MDW,RNO,5
AZA,PVR,5
BOS,LUK,5
PVD,WUH,5
MNL,MDW,5
MDW,FAT,5
AZA,NRT,5
PNS,MDW,5
DAY,MDW,5
DFW,VLD,5
MDW,COS,5
MNL,SWF,5
MDT,MDW,5
MDW,DSM,5
MDT,YHM,5
MDW,TUS,4
LUK,DTW,4
MHT,MDW,4
PSP,MDW,4
CAE,MDW,4
MDW,TYS,4
MDW,HNL,4
MDW,TLH,4
RST,GMP,4
PTY,MDW,4
ELM,DAL,4
BZE,MDW,4
SYR,MDW,4
PVG,MDW,4
FAT,MDW,4
AZA,OAK,4
GFK,CUN,4
GRR,MDW,4
MDW,EBB,4
MDW,HSV,4
HLA,ORD,4
KWL,HOU,4
MDW,BTR,4
MDW,LIH,4
MDW,FAR,4
MDW,GIG,4
MDW,PSP,4
CIU,LAS,4
FCA,MDW,4
SIN,MDW,3
TLC,BCN,3
OAK,TLC,3
SJC,SDV,3
MDW,EYW,3
MDW,XNA,3
MDW,SRQ,3
HLN,SVO,3
BKK,MDW,3
DAL,MDW,3
BTR,MDW,3
ROA,MDW,3
PEK,SWF,3
FAR,PUS,3
MDW,ECP,3
DAL,VLD,3
DWC,ATL,3
BZN,AGS,3
TLH,MDW,3
MDW,CAE,3
KWL,IAH,3
SMF,GTR,3
ICN,MDW,3
MDW,SYR,3
EWR,BTM,3
MDW,PWM,3
PVD,HRB,3
LIM,MDW,3
CRL,LAX,3
DAL,FNA,3
BOG,MDW,3
GSP,MDW,3
PHX,MME,3
SFO,SDV,3
AZA,MBJ,3
TUS,MDW,3
MDW,MOB,3
PEK,MDW,2
PHX,RHI,2
ABE,MDW,2
MDW,SGF,2
MDW,DPS,2
IAH,CSG,2
BIS,MDW,2
MDW,SCL,2
FSD,MDW,2
MDW,DAY,2
MDW,GSO,2
SCL,MDW,2
MOT,SYR,2
XNA,MDW,2
SFB,TUS,2
HKG,MDW,2
SWF,MDW,2
FSM,JNB,2
LAX,RHI,2
SWF,PPT,2
FAR,MDW,2
DWC,SLC,2
IEV,DAL,2
MDW,EZE,2
JFK,BTM,2
MEX,AZA,2
SFB,STI,2
TLC,FLL,2
MDW,HOU,2
LUK,BOS,2
PHX,PLN,2
MDW,MSO,2
LAN,HGH,2
BGM,DFW,2
HOU,MDW,2
TPE,MDW,2
MDW,JFK,2
TNA,BTV,2
HND,SWF,2
GNV,LOS,2
ICT,MDW,2
MDW,SAV,2
JFK,COD,2
EWR,TLC,2
JFK,MDW,2
SGF,MDW,2
ELM,GRB,2
PEK,ARB,2
HLN,DME,1
IAD,DHN,1
MLI,VCP,1
MDW,SCE,1
BOS,CSG,1
MDW,BZN,1
LAX,WYS,1
MDW,PUS,1
MDW,CHO,1
RHI,PHX,1
MOT,ROC,1
ELM,HOU,1
SFO,WYS,1
JFK,CLD,1
LGA,HLA,1
MDW,GPT,1
DCA,DHN,1
CSX,ITH,1
GNV,GMP,1
MDW,ILM,1
LUK,FLL,1
GTF,MDW,1
ARB,UIO,1
LUK,ORD,1
YTZ,TLH,1
FLL,CSG,1
AGS,MDW,1
TLH,TAO,1
HSV,MDW,1
MBS,JFK,1
MDW,KOA,1
NRT,MDW,1
MDW,AVL,1
BTV,MDW,1
ALB,BCD,1
SHA,HSV,1
LNK,MDW,1
PHX,TLC,1
ECP,MDW,1
MOT,MDW,1
MDW,CGK,1
MDW,TGU,1
TLC,DTW,1
CRL,JFK,1
DWC,LGA,1
PIH,SEA,1
BFI,SDQ,1
MDW,FSD,1
CLD,JFK,1
MDW,MDT,1
AVP,MDW,1
TYS,MDW,1
DCA,SDV,1
LGA,LUK,1
MDW,HKT,1
DAL,STT,1
BWI,TLC,1
SEN,UVF,1
MDW,DAD,1
AZA,BOI,1
RHI,LAS,1
MSP,GFK,1
GFK,DCA,1
HLA,LGA,1
SFB,UVF,1
BZN,MDW,1
LGA,CSG,1
PEK,LWS,1
PVG,SFB,1
OKC,TTN,1
MDW,RAP,1
MDW,EUG,1
MDW,VPS,1
